Business Legal Name,Date Layoff/Closure Starts,Date of WARN Notice ,Date Posted  ,Impacted Site Address,Impacted Site County,Layoff or Closure?,Permanent or Temporary Layoff?,Reason for Layoff/Closure   ,Index,Number of Affected Workers ,Number of Affected Workers 
"18 William Partners, LLC",2025-04-20,2025-04-20,2025-05-30,"6 Hanover Street  New York, NY, 10005",New York,Closure,Permanent,Economic,59,108,108
57th Street Associates,2025-04-09,2025-01-09,2025-01-17,"60 W 57th St  New York, NY, 10019",New York,Closure,Permanent,COVID 19 Economic,1,60,60
Abbott House,2026-03-31,2025-12-26,2026-01-29,"100 North Broadway  Irvington, NY, 10533",Westchester,Layoff,Permanent,Contract Expiration,4,109,109
Abbott House,2025-10-31,2025-07-29,2025-07-31,"100 North Broadway  Irvington, NY, 10533",Westchester,Closure,Permanent,Contract Expiration,13,8,8
Abbott House,2026-03-31,2025-12-26,2026-01-29,"1775 Grand Concourse  Bronx, NY, 10453",Bronx,Layoff,Permanent,Contract Expiration,3,53,53
Abbott House,2025-10-31,2025-07-29,2025-07-31,"1775 Grand Concourse  Bronx, NY, 10453",Bronx,Closure,Permanent,Contract Expiration,12,31,31
"ABM Aviation, Inc.",2025-12-30,2025-09-24,2025-11-17,"141 Federal Circle  Queens, NY, 11430",Queens,Layoff,Permanent,Economic,29,83,83
"Air Products and Chemicals, Inc.",2025-01-30,2025-01-30,2025-02-27,"6400 Sheridan Drive 310 Amherst, NY, 14221",Erie,Closure,Permanent,Economic Other,7,28,28
AllianceBernstein L.P.,2026-12-31,2025-04-15,2025-08-28,"66 Hudson Boulevard E.  New York, NY, 10001",New York,Layoff,Permanent,Relocation of Business,9,6,6
Amazon,2026-01-28,2025-10-28,2026-02-10,"6 West 35th St  New York City, NY, 10001",New York,Layoff,Permanent,Economic,12,1,1
Amazon,2026-01-28,2025-10-28,2026-02-10,"7 W 34th St  New York City, NY, 10001",New York,Layoff,Permanent,Economic,13,45,45
Amazon,2026-01-28,2025-10-28,2026-02-10,"215 Park Ave S  New York City, NY, 10003",New York,Layoff,Permanent,Economic,14,7,7
Amazon,2026-01-28,2025-10-28,2026-02-10,"237 Park Ave  New York City, NY, 10017",New York,Layoff,Permanent,Economic,15,56,56
Amazon,2026-01-28,2025-10-28,2026-02-10,"315 Park Ave S  New York City, NY, 10010",New York,Layoff,Permanent,Economic,16,9,9
Amazon,2026-01-28,2025-10-28,2026-02-10,"330 W 34th St  New York City, NY, 10001",New York,Layoff,Permanent,Economic,17,84,84
Amazon,2026-01-28,2025-10-28,2026-02-10,"410 10th Ave  New York City, NY, 10001",New York,Layoff,Permanent,Economic,18,2,2
Amazon,2026-01-28,2025-10-28,2026-02-10,"424 5th Ave  New York City, NY, 10018",New York,Layoff,Permanent,Economic,19,77,77
Amazon,2026-01-28,2025-10-28,2026-02-10,"450 West 33rd St  New York City, NY, 10001",New York,Layoff,Permanent,Economic,20,6,6
"American Sugar Refining, Inc.",2026-01-31,2025-09-29,2026-01-05,"1 Federal Street  Yonkers, NY, 10705",Westchester,Closure,Permanent,Economic,24,231,231
"AngioDynamics, Inc.",2026-02-27,2025-11-13,2026-02-09,"8 Glens Falls Tech Park  Glens Falls, NY, 12801",Warren,Layoff,Permanent,Contract Loss,4,1,1
"AngioDynamics, Inc.",2026-02-27,2025-11-13,2026-02-09,"24 Native Drive  Queensbury, NY, 12804",Warren,Layoff,Permanent,Contract Loss,5,2,2
"AngioDynamics, Inc.",2026-02-27,2025-11-13,2026-02-09,"603 Queensbury Avenue  Queensbury, NY, 12804",Warren,Layoff,Permanent,Contract Loss,6,48,48
"Aramark Campus, LLC at the University of Rochester",2025-06-30,2025-04-21,2025-05-02,"735 LIBRARY RD UNIVERSITY OF ROCHESTER ROCHESTER, NY, 14627",Monroe,Closure,Permanent,Contract Loss Contract Termination,2,61,61
"Aramark Services, Inc.",2025-12-19,2025-09-10,2025-10-06,"383 Madison Ave  New York, NY, 10017",New York,Closure,Permanent,Contract Loss,53,67,67
"ARB Gaming, LLC.",2025-12-19,2025-09-15,2025-09-30,"Remote Employees  Jericho, NY, 11753",Nassau,Layoff,Permanent,Other,17,33,33
"Arbor E&T, LLC",2025-09-30,2025-07-30,2025-09-04,"47 Trinity Place 7th New York, NY, 10006",New York,Closure,Permanent,Contract Loss,57,60,60
"Arbor E&T, LLC",2025-09-30,2025-07-30,2025-09-04,"400 East Fordham Rd  Bronx, NY, 10458",Bronx,Closure,Permanent,Contract Loss,55,25,25
"Arbor E&T, LLC",2025-09-30,2025-07-30,2025-09-04,"1029 E 163rd St. 3rd Floor Bronx, NY, 10459",Bronx,Closure,Permanent,Contract Loss,56,7,7
Area Storage & Transfer Inc. (Rescission),2026-02-28,2025-11-24,2026-03-09,"288 Grumman RD W  Bethpage, NY, 11714",Nassau,Closure,Temporary,Other,5,0,0
Atria Wealth Solutions,2025-08-01,2025-05-02,2025-06-18,"100 Madison Street FL 13 Syracuse, NY, 13202",Onondaga,Layoff,Permanent,Sale of Business,52,35,35
Atria Wealth Solutions,2025-08-01,2025-05-02,2025-06-18,"295 Madison Avenue Suite 1407 New York, NY, 10017",New York,Layoff,Permanent,Sale of Business,51,1,1
"Aurora Cares, LLC. d/b/a Tara Cares",2025-11-26,2025-08-27,2025-10-06,"3690 Southwestern Blvd  Orchard Park, NY, 14127",Erie,Closure,Permanent,Contract Loss,52,125,125
"Barrette Outdoor Living, Inc.",2025-05-05,2025-02-03,2025-02-18,"231 Ship Canal Parkway  Buffalo, NY, 14218",Erie,Closure,Permanent,Economic,255,93,93
"Barrie House Coffee Company, LLC.",2025-01-10,2025-01-10,2025-01-16,"4 Warehouse Lane  Elmsford, NY, 10523",Westchester,Closure,N/A,Bankruptcy,6,34,34
"Barrie House Coffee Company, LLC.",2025-01-10,2025-01-10,2025-01-16,"216 South 13th Avenue  Mt. Vernon, NY, 10550",Westchester,Closure,Permanent,Bankruptcy,7,5,5
Bobby's Bus Co. Inc.,2025-10-31,2025-10-20,2026-01-08,"145-40 155th Street  Jamaica, NY, 11434",Queens,Layoff,N/A,Contract Termination,2,113,113
"CaaStle, Inc.",2025-04-30,2025-04-25,2025-11-06,"5 Penn Plaza, Floor 4  New York, NY, 10001",New York,Closure,Permanent,Economic Funding Loss,1,46,46
"Cape Barons Manager, LLC. d/b/a Barons Cove",2025-10-01,2025-06-27,2025-07-24,"31 W Water Street  Sag Harbor, NY, 11963",Suffolk,Closure,Permanent,Economic,48,53,53
"Cardionet, LLC. an affiliate of Philips North America, LLC.",2025-06-30,2025-04-01,2025-05-23,"175 Pinelawn Road Remote employee Melville, NY, 11747",Suffolk,Closure,Permanent,Other,35,85,85
Career Systems Development Corporation,2025-06-30,2025-06-03,2025-08-21,"585 DeKalb Avenue  Brooklyn, NY, 11205",Kings,Closure,Permanent,Contract Loss Contract Termination Economic,2,0,0
Career Systems Development Corporation,2025-06-30,2025-06-03,2025-08-21,"1771 Andrews Avenue S  Bronx, NY, 10453",Bronx,Closure,Permanent,Contract Loss Contract Termination Economic,1,0,0
Cascades Holding US Inc.,2025-10-06,2025-07-08,2025-07-28,"4001 Packard Road  Niagara Falls, NY, 14303",Niagara,Closure,Permanent,Other,31,103,103
"Catapult Learning, LLC.",2025-03-30,2025-03-30,2025-04-17,"55 Forest Road  Monroe, NY, 10950",Orange,Layoff,Temporary,Contract Termination,37,98,98
"Catapult Learning, LLC.",2025-03-30,2025-03-30,2025-04-17,"257 Beach 17th Street  Far Rockaway, NY, 11691",Queens,Layoff,Temporary,Contract Termination,38,17,17
"Catapult Learning, LLC.",2025-03-30,2025-03-30,2025-04-17,"1449 39th Street  Brooklyn, NY, 11218",Kings,Layoff,Temporary,Contract Termination,36,1,1
Catholic Charities Community Services,2025-05-23,2025-04-22,2025-05-02,"80 Maiden Lane  NEW YORK, NY, 10038",New York,Layoff,Permanent,Contract Termination Funding Loss,1,46,46
"Catholic Charities of Orange, Sullivan & Ulster (CCOSU)",2025-05-23,2025-02-19,2025-03-04,"11 Hamilton Avenue Plant Layoff Monticello, NY, 12701",Sullivan,Layoff,Permanent,Economic Other,5,1,1
"Catholic Charities of Orange, Sullivan & Ulster (CCOSU)",2025-05-23,2025-02-19,2025-03-04,"27 Matthews Street Plant Layoff Goshen, NY, 10924",Orange,Layoff,Permanent,Economic Other,2,14,14
"Catholic Charities of Orange, Sullivan & Ulster (CCOSU)",2025-05-23,2025-02-19,2025-03-04,"150 Pike Street Plant Closing Port Jervis, NY, 12771",Orange,Layoff,Permanent,Economic Other,3,3,3
"Catholic Charities of Orange, Sullivan & Ulster (CCOSU)",2025-05-23,2025-02-19,2025-03-04,"280 Broadway Plant Layoff Newburgh, NY, 12550",Orange,Layoff,Permanent,Economic Other,4,3,3
"Catholic Charities of Orange, Sullivan & Ulster (CCOSU)",2025-05-23,2025-02-19,2025-03-04,"396 Broadway Plant Layoff Monticello, NY, 12701",Sullivan,Layoff,Permanent,Economic Other,6,12,12
Catholic Guardian Services (Rescission),2025-10-31,2025-07-28,2026-05-29,"110 West 183rd Street  Bronx, NY, 10453",Bronx,Closure,Permanent,Contract Loss,1,0,0
Catholic Guardian Services (Rescission),2025-06-30,2025-03-31,2026-05-29,"142 Audubon Avenue  New York, NY, 10033",New York,Closure,Permanent,Contract Loss,2,0,0
Cayuga Home for Children,2025-06-30,2025-03-21,2025-05-14,"5 Computer Drive West Suites 200 & 203 Albany, NY, 12205",Albany,Layoff,Permanent,Other,43,2,2
Cayuga Home for Children,2025-06-30,2025-03-21,2025-05-14,"101 Hamilton Avenue  Auburn, NY, 13021",Cayuga,Layoff,Permanent,Other,45,36,36
Cayuga Home for Children,2025-06-30,2025-03-21,2025-05-14,"224 Harrison Street Suite 603 Syracuse, NY, 13202",Onondaga,Layoff,Permanent,Other,49,9,9
Cayuga Home for Children,2025-06-30,2025-03-21,2025-05-14,"430 Court Street 2nd Floor Utica, NY, 13502",Oneida,Layoff,Permanent,Other,48,33,33
Cayuga Home for Children,2025-06-30,2025-03-21,2025-05-14,"1870 South Winton Road Suite 125 Rochester, NY, 14618",Monroe,Layoff,Permanent,Other,46,10,10
Cayuga Home for Children,2025-06-30,2025-03-21,2025-05-14,"1916 Park Ave Suite 407 New York, NY, 10037",New York,Layoff,Permanent,Other,47,28,28
Cayuga Home for Children,2025-06-30,2025-03-21,2025-05-14,"2417 Third Avenue Suite 701 Bronx, NY, 10451",Bronx,Layoff,Permanent,Other,44,1,1
"Cherokee Nation Management & Consulting, LLC.",2025-06-22,2025-03-23,2025-06-25,"29 Ryerson St  Brooklyn, NY, 11205",Kings,Closure,Permanent,Contract Termination,20,11,11
"Cherokee Nation Management & Consulting, LLC.",2025-06-22,2025-03-21,2025-06-25,"45 E 45th St  New York, NY, 10017",New York,Closure,Permanent,Contract Termination,23,24,24
"Cherokee Nation Management & Consulting, LLC.",2025-06-22,2025-03-23,2025-06-25,"455 Jefferson St  Brooklyn, NY, 11237",Kings,Closure,Permanent,Contract Termination,21,14,14
"Cherokee Nation Management & Consulting, LLC.",2025-06-22,2025-03-28,2025-06-25,"700 8th Ave  New York, NY, 11105",Queens,Closure,Permanent,Contract Termination,19,17,17
"Cherokee Nation Management & Consulting, LLC.",2025-06-22,2025-03-23,2025-06-25,"4711 Austell Pl  New York, NY, 11101",Queens,Closure,Permanent,Contract Termination,22,15,15
"Church World Service, Inc.",2025-01-31,2025-01-31,2025-05-12,"475 Riverside Dr., #700  New York, NY, 10115",New York,Layoff,Temporary,Funding Loss,112,129,129
"Church World Service, Inc.",2025-01-31,2025-01-31,2025-05-07,"475 Riverside Dr., #700  New York, NY, 10115",New York,Layoff,Temporary,Funding Loss,113,129,129
"Church World Service, Inc.",2025-01-31,2025-01-31,2025-03-25,"475 Riverside Dr., #700  New York, NY, 10115",New York,Layoff,Temporary,Funding Loss,114,129,129
"CINQ NY Health Home IPA, LLC",2025-09-19,2025-01-06,2025-11-13,"564 Niagara Street Building 2 Buffalo, NY, 14201",Erie,Layoff,Permanent,Other,12,25,25
"CINQ NY Health Home IPA, LLC",2025-09-19,2025-01-06,2025-11-13,"1195 Main Street  Buffalo, NY, 14209",Erie,Layoff,Permanent,Other,13,19,19
"Clean Textile Systems, LP. D/B/A Clean Care",2026-03-20,2025-12-12,2026-01-08,"60 Grider Street  Buffalo, NY, 14215",Erie,Layoff,Permanent,Other,9,69,69
"Columbus Restaurant Fund IV, LLC.",2025-09-02,2025-06-04,2025-06-12,"10 Columbus Circle  New York, NY, 10019",New York,Closure,Permanent,Economic,54,80,80
Community Development Institute Head Start,2025-10-31,2025-07-24,2025-08-05,"17 Riverside Drive  Woodbourne, NY, 12788",Sullivan,Closure,Permanent,Other,27,6,6
Community Development Institute Head Start,2025-10-31,2025-07-24,2025-08-05,"130 Waverly Ave  Monticello, NY, 12701",Sullivan,Closure,Permanent,Other,28,20,20
Community Development Institute Head Start,2025-10-31,2025-07-24,2025-08-05,"393 State Route 52  Woodbourne, NY, 12788",Sullivan,Closure,Permanent,Other,29,19,19
Community Development Institute Head Start,2025-10-31,2025-07-24,2025-08-05,"397 State Route 52  Woodbourne, NY, 12788",Sullivan,Closure,Permanent,Other,30,6,6
"Compass Group USA, Inc.",2025-12-15,2025-09-17,2025-09-25,"101 Broad St  Plattsburgh, NY, 12901",Clinton,Closure,Permanent,Contract Loss,54,192,192
"Cornucopia Logistics, LLC.",2025-08-20,2025-08-26,2025-09-16,"55-15 Grand Ave  Maspeth, NY, 11378",Queens,Closure,Permanent,Contract Termination,14,95,95
"Cornucopia Logistics, LLC.",2025-08-20,2025-08-26,2025-09-16,"395 Robbins Lane  Syosset, NY, 11791",Nassau,Closure,Permanent,Contract Termination,13,49,49
"Crescent Duck Farm, Inc.",2025-01-16,2025-01-16,2025-01-28,"10 Edgar Ave. P.O. Box 500 Aquebogue, NY, 11931",Suffolk,Closure,Permanent,Natural Disaster i e flood storm etc,1,45,45
CVS Health,2025-06-21,2025-03-07,2025-04-02,"161 Avenue of the Americas  New York, NY, 10013",New York,Layoff,Permanent,Other,51,26,26
"CYH Manhattan, LLC.",2025-03-14,2025-03-14,2025-06-27,"371 7th Ave  New York, NY, 10001",New York,Closure,Permanent,Contract Termination,18,99,99
"CyraCom International, Inc.",2025-12-03,2025-09-04,2025-09-15,"41-61 Kissena Blvd Suite 1010 Flushing, NY, 11355",Queens,Closure,Permanent,Other,25,154,154
DAC GROUP NEW YORK INC.,2025-12-31,2025-09-30,2025-11-18,"4 Manhattanville Road Suite 203 Purchase, NY, 10577",Westchester,Layoff,Permanent,Contract Loss,9,58,58
DAC GROUP NEW YORK INC.,2025-12-31,2025-09-30,2025-11-18,"260 Main St East Suite 3800 Rochester, NY, 14604",Monroe,Layoff,Permanent,Contract Loss,8,43,43
"Dr. Howard Dr. Fine, LLC.",2025-11-18,2025-08-12,2025-08-14,"53 Howard Street  New York, NY, 10013",New York,Closure,Permanent,Contract Termination,16,56,56
"DSV Air & Sea, Inc.",2026-01-31,2025-10-27,2025-11-21,"133-33 Brookville Blvd. Suite 115 Rosedale, NY, 11422",Queens,Closure,Permanent,Other,10,31,31
"Eaglestone, LLC, Eaglestone Holdings, LLC, Eaglestone Intermediate Holdings, LLC, and Eaglestone Shared Services, LLC.",2025-02-07,2025-02-07,2025-03-11,"551 5th Avenue 9th Floor New York, NY, 10176",New York,Closure,Permanent,Economic,248,6,6
"Ebates Performance Marketing, Inc.",2025-12-16,2025-12-12,2026-01-02,"215 Park Ave S 2nd Floor New York, NY, 10003",New York,Closure,Permanent,Economic,25,29,29
eBay Inc.,2025-07-18,2025-05-22,2025-08-22,"440 S. Warren St. Suite 100 Syracuse, NY, 13202",Onondaga,Closure,Permanent,Other,26,215,215
"EEDU, LLC.",2025-06-04,2025-03-05,2025-03-07,"800 Riverwalk Parkway  Tonawanda, NY, 14150",Erie,Closure,Permanent,Economic,249,129,129
Eisler Capital (US) LLC.,2025-12-28,2025-09-29,2025-11-18,"66 Hudson Boulevard  New York, NY, 10001",New York,Closure,Permanent,Economic,28,79,79
"Empire City Laboratories, Inc.",2026-02-15,2025-09-22,2026-03-18,"90 New Main St  Haverstraw, NY, 10927",Rockland,Closure,Permanent,Sale of Business,15,1,1
"Empire City Laboratories, Inc.",2026-02-15,2025-09-22,2026-03-18,"91-71 111th St  Richmond Hill, NY, 11418",Queens,Closure,Permanent,Sale of Business,12,1,1
"Empire City Laboratories, Inc.",2026-02-15,2025-09-22,2026-03-18,"92-29 Queens Blvd  Rego Park, NY, 11374",Queens,Closure,Permanent,Sale of Business,13,1,1
"Empire City Laboratories, Inc.",2026-02-15,2025-09-22,2026-03-18,"102 Park Ave  Yonkers, NY, 10703",Westchester,Closure,Permanent,Sale of Business,16,1,1
"Empire City Laboratories, Inc.",2026-02-15,2025-09-22,2026-03-18,"136-21 Franklin Ave  Flushing, NY, 11355",Queens,Closure,Permanent,Sale of Business,14,1,1
"Empire City Laboratories, Inc.",2026-02-15,2025-09-22,2026-03-18,"217 Grand St Suite 403 New York, NY, 10013",New York,Closure,Permanent,Sale of Business,10,1,1
"Empire City Laboratories, Inc.",2026-02-15,2025-09-22,2026-03-18,"229 49th Street  Brooklyn, NY, 11220",Kings,Closure,Permanent,Sale of Business,4,183,183
"Empire City Laboratories, Inc.",2026-02-15,2025-09-22,2026-03-18,"395 Pearl St Suite 202 Brooklyn, NY, 11202",Kings,Closure,Permanent,Sale of Business,5,1,1
"Empire City Laboratories, Inc.",2026-02-15,2025-09-22,2026-03-18,"629 West 185th St  New York, NY, 10033",New York,Closure,Permanent,Sale of Business,11,1,1
"Empire City Laboratories, Inc.",2026-02-15,2025-09-22,2026-03-18,"818 55th St  Brooklyn, NY, 11220",Kings,Closure,Permanent,Sale of Business,6,1,1
"Empire City Laboratories, Inc.",2026-02-15,2025-09-22,2026-03-18,"833 58th St  Brooklyn, NY, 11220",Kings,Closure,Permanent,Sale of Business,7,1,1
"Empire City Laboratories, Inc.",2026-02-15,2025-09-22,2026-03-18,"1108 Brooke Ave  Bronx, NY, 10456",Bronx,Closure,Permanent,Sale of Business,2,1,1
"Empire City Laboratories, Inc.",2026-02-15,2025-09-22,2026-03-18,"4626 White Plains Rd. Suite 100 Bronx, NY, 10470",Bronx,Closure,Permanent,Sale of Business,3,1,1
"Empire City Laboratories, Inc.",2026-02-15,2025-09-22,2026-03-18,"4902 3rd Ave  Brooklyn, NY, 11220",Kings,Closure,Permanent,Sale of Business,8,6,6
"Empire City Laboratories, Inc.",2026-02-15,2025-09-22,2026-03-18,"Remote Employees  New York, NY, 11230",Kings,Closure,Permanent,Sale of Business,9,23,23
"Emursive Productions, LLC.",2025-04-20,2025-04-20,2025-05-30,"2109 Broadway Suite 13-126 New York, NY, 10023",New York,Closure,Permanent,Economic,58,8,8
"enDevelopment Logistics, LLC.",2026-01-15,2025-10-15,2025-11-14,"500 Hudson Valley Avenue  New Windsor, NY, 12553",Orange,Closure,Permanent,Contract Termination,9,42,42
Enthuse LLC,2026-03-10,2025-12-10,2026-04-08,"31 Hudson Yards, Fl. 11 Remote employees New York, NY, 10001",New York,Closure,Permanent,Contract Termination,1,25,25
"Equiniti Trust Company, LLC",2025-11-14,2025-08-08,2025-10-17,"28 Liberty Street 53rd floor New York, NY, 10005",New York,Layoff,Permanent,Other,16,4,4
"Equiniti Trust Company, LLC",2025-11-14,2025-08-08,2025-10-17,"850 Third Avenue  Brooklyn, NY, 11232",Kings,Layoff,Permanent,Other,14,10,10
"Equiniti Trust Company, LLC",2025-11-14,2025-08-08,2025-10-17,"1110 Centre Point Curve Suites 101 Mendota Heights, MN, 55120",Kings,Layoff,Permanent,Other,15,13,13
"Essendant Co. and Essendant Management Services, LLC.",2025-12-03,2025-09-04,2025-09-19,"12089 US-9W  Coxsackie, NY, 12051",Greene,Closure,Permanent,Economic,38,64,64
"Evans Bank, National Association",2025-05-02,2025-01-23,2025-01-27,"6460 Main Street  Williamsville, NY, 14221",Erie,Layoff,Permanent,Merger,1,64,64
"Everest Global Services, Inc.",2026-06-30,2025-12-15,2026-06-10,"1155 Avenue of the Americas Everest Global Services, Inc. New York, NY, 10036",New York,Layoff,Permanent,Other,1,17,17
Everest National Insurance Company,2026-03-31,2025-12-15,2026-03-16,"1155 Avenue of the Americas Everest National Insurance Company New York, NY, 10036",New York,Layoff,Permanent,Other,3,49,49
Exel Inc.,2025-04-21,2025-01-13,2025-01-24,"586 Gulf Avenue  Staten Island, NY, 10314",Richmond,Closure,Permanent,Contract Loss,67,116,116
"F21 OpCO, LLC.",2025-05-27,2025-02-19,2025-03-13,"435 Seventh Ave  New York, NY, 10120",New York,Closure,Permanent,Economic,245,27,27
"F21 OpCO, LLC.",2025-05-27,2025-02-19,2025-03-13,"1540 Broadway  New York, NY, 10036",New York,Closure,Permanent,Economic,246,72,72
"Fareportal, Inc.",2025-10-03,2025-10-03,2025-10-16,"137 W. 25th Street  New York, NY, 10001",New York,Layoff,Permanent,Economic,30,29,29
"Fellers, LLC.",2025-06-27,2025-07-10,2025-07-21,"8 Access Road Unit 3 Albany, NY, 12205",Albany,Closure,Permanent,Other,32,2,2
"Fellers, LLC.",2025-06-27,2025-04-30,2025-07-21,"6515 Transit Road Suite 26 Bowmansville, NY, 14026",Erie,Closure,Permanent,Other,33,1,1
"Ferguson Enterprises, LLC.",2025-07-21,2025-04-22,2025-04-24,"1819 Flushing Avenue  Ridgewood, NY, 11385",Queens,Closure,Permanent,Other,50,32,32
"Frito-Lay, Inc.",2025-05-21,2025-02-18,2025-02-21,"89 Mill Street  Liberty, NY, 12754",Sullivan,Closure,Permanent,Economic,254,287,287
"Galaxy Restaurants Catering Group, LP",2025-07-31,2025-05-02,2025-08-21,"2 West Loop Road  Roosevelt Island, NY, 10044",New York,Closure,Permanent,Contract Loss,58,20,20
"GC Riverside, LLC.",2025-11-01,2025-07-31,2025-08-05,"235 Freedom Place  New York, NY, 10069",New York,Closure,Permanent,Contract Loss,60,72,72
"Goldman, Sachs & Co, LLC.",2025-06-22,2025-03-24,2025-09-08,"200 West Street  New York, NY, 10282",New York,Layoff,Permanent,Economic,44,343,343
Good Samaritan Certified Home Health Care Agency,2025-07-02,2025-04-03,2025-04-09,"1 Crossfield Ave  West Nyack, NY, 10994",Rockland,Closure,Permanent,Economic,243,48,48
Good Samaritan Certified Home Health Care Agency,2025-07-02,2025-04-03,2025-04-09,"90 Crystal Run Road  Middletown, NY, 10940",Orange,Closure,Permanent,Economic,242,38,38
"GVC, LTD.",2025-06-27,2025-06-26,2025-07-28,"1392 Commerce Ave  Bronx, NY, 10461",Bronx,Layoff,Permanent,Contract Expiration,14,187,187
"H&M Fashion USA, Inc.",2026-01-19,2025-10-21,2025-11-21,"18 Church Street  New York, NY, 10007",New York,Closure,Permanent,Expiration of Lease,1,31,31
"H&M Fashion USA, Inc.",2026-01-19,2025-10-21,2025-11-21,"150 East 86th Street  New York, NY, 10028",New York,Closure,Permanent,Expiration of Lease,2,31,31
"Havana Central NY5, LLC. d/b/a Havana Central Roosevelt Field",2025-09-20,2025-09-20,2025-10-10,"630 Old Country Road  Garden City, NY, 11530",Nassau,Closure,Permanent,Economic,31,45,45
"HomeTeam Technologies, Inc.",2025-10-15,2025-10-15,2025-11-17,"115 W 30th Street Suite 601 New York, NY, 10001",New York,Closure,Permanent,Economic Sale of Business,1,60,60
"Hudson Valley Radiologists, P.C.",2025-11-30,2025-08-12,2025-09-19,"1 Columbia Street  Poughkeepsie, NY, 12601",Dutchess,Closure,Permanent,Contract Termination,11,9,9
"Hudson Valley Radiologists, P.C.",2025-11-30,2025-08-12,2025-09-19,"2678 South Road  Poughkeepsie, NY, 12601",Dutchess,Closure,Permanent,Contract Termination,12,22,22
IC Coachways Inc.,2025-10-31,2025-10-21,2026-01-22,"380 Chelsea Road  Staten Island, NY, 10314",Richmond,Layoff,Temporary,Contract Expiration,5,103,103
"IG Design Group Americas, Inc.",2025-09-25,2025-06-27,2025-07-08,"1411 Broadway 5th Floor New York, NY, 10018",New York,Closure,Permanent,Sale of Business,50,80,80
"Institute of International Education, Inc.",2025-03-07,2025-03-07,2025-03-11,"One World Trade Center 36th Floor New York, NY, 10007",New York,Layoff,Permanent,Funding Loss,116,2,2
"Institute of International Education, Inc. (Rescission)",2026-05-03,2025-09-23,2026-04-23,"One World Trade Center, 36th Floor  New York, NY, 10007",New York,Layoff,Temporary,Funding Loss,1,0,0
International AIDS Vaccine Initiative,2025-04-11,2025-03-14,2025-03-24,"125 Broad Street 9th Floor New York, NY, 10004",New York,Layoff,Permanent,Funding Loss,115,14,14
"Interstate Hotels, LLC.",2025-06-22,2025-03-21,2025-03-27,"45 E 45th St  New York, NY, 10017",New York,Closure,Permanent,Contract Termination,40,96,96
Island Peer Review Org Inc. (IPRO),2025-07-14,2025-03-26,2025-05-22,"20 Corporate Woods Blvd, 1st floor  Albany, NY, 12211",Albany,Layoff,Permanent,Contract Expiration,15,37,37
Island Peer Review Org Inc. (IPRO),2025-07-14,2025-03-26,2025-05-22,"1979 Marcus Ave., Ste. 105  Lake Success, NY, 11042",Nassau,Layoff,Permanent,Contract Expiration,16,161,161
"Jones Lang LaSalle, Inc.",2025-12-31,2025-12-31,2026-02-13,"6000 Thompson Road  East Syracuse, NY, 13057",Onondaga,Layoff,Permanent,Economic,11,20,20
"Kimber Mfg., Inc.",2026-02-09,2025-11-07,2025-12-09,"1120 Saw Mill River Rd.  Yonkers, NY, 10710",Westchester,Closure,Permanent,Relocation of Business,3,69,69
"KIND, Inc.",2025-03-31,2025-03-27,2025-04-16,"252 W. 37th Street Suite 1500 New York, NY, 10018",New York,Layoff,Permanent,Contract Termination,39,39,39
King Delivery LLC,2025-10-20,2025-10-13,2026-01-28,"640 Columbia St  Brooklyn, NY, 11231",Kings,Closure,Permanent,Contract Loss Contract Termination,1,200,200
"Klēn Space, Inc.",2025-12-31,2025-06-30,2025-10-11,"Audubon 3940 Broadway New York, NY, 10032",New York,Closure,Permanent,Contract Loss,31,1,1
"Klēn Space, Inc.",2025-12-31,2025-06-30,2025-10-07,"Audubon 3940 Broadway New York, NY, 10032",New York,Closure,Permanent,Contract Loss,47,1,1
"Klēn Space, Inc.",2025-12-31,2025-06-30,2025-10-11,"BAT (Brooklyn Army Terminal) 80 58th St Brooklyn, NY, 11220",Kings,Closure,Permanent,Contract Loss,22,10,10
"Klēn Space, Inc.",2025-12-31,2025-06-30,2025-10-07,"BAT (Brooklyn Army Terminal) 80 58th St Brooklyn, NY, 11220",Kings,Closure,Permanent,Contract Loss,38,10,10
"Klēn Space, Inc.",2025-12-31,2025-06-30,2025-10-11,"BMT (Brooklyn Marine Terminal) 90 Columbia St Brooklyn, NY, 11201",Kings,Closure,Permanent,Contract Loss,23,1,1
"Klēn Space, Inc.",2025-12-31,2025-06-30,2025-10-07,"BMT (Brooklyn Marine Terminal) 90 Columbia St Brooklyn, NY, 11201",Kings,Closure,Permanent,Contract Loss,39,1,1
"Klēn Space, Inc.",2025-12-31,2025-06-30,2025-10-11,"Brooklyn Wholesome Meat Market 5601 1st Ave Brooklyn, NY, 11220",Kings,Closure,Permanent,Contract Loss,24,2,2
"Klēn Space, Inc.",2025-12-31,2025-06-30,2025-10-07,"Brooklyn Wholesome Meat Market 5601 1st Ave Brooklyn, NY, 11220",Kings,Closure,Permanent,Contract Loss,40,2,2
"Klēn Space, Inc.",2025-12-31,2025-06-30,2025-10-11,"Bush Terminal Piers Park 51-1 43rd St MADE Bush Terminal Brooklyn, NY, 11232",Kings,Closure,Permanent,Contract Loss,25,3,3
"Klēn Space, Inc.",2025-12-31,2025-06-30,2025-10-07,"Bush Terminal Piers Park 51-1 43rd St MADE Bush Terminal Brooklyn, NY, 11232",Kings,Closure,Permanent,Contract Loss,41,3,3
"Klēn Space, Inc.",2025-12-31,2025-06-30,2025-10-11,"College Point 80 58th St Brooklyn, NY, 11220",Kings,Closure,Permanent,Contract Loss,26,4,4
"Klēn Space, Inc.",2025-12-31,2025-06-30,2025-10-07,"College Point 80 58th St Brooklyn, NY, 11220",Kings,Closure,Permanent,Contract Loss,42,4,4
"Klēn Space, Inc.",2025-12-31,2025-06-30,2025-10-11,"Ferry Landings 80 58th Street Brooklyn, NY, 11201",Kings,Closure,Permanent,Contract Loss,27,10,10
"Klēn Space, Inc.",2025-12-31,2025-06-30,2025-10-07,"Ferry Landings 80 58th Street Brooklyn, NY, 11201",Kings,Closure,Permanent,Contract Loss,43,10,10
"Klēn Space, Inc.",2025-12-31,2025-06-30,2025-10-11,"Hunts Point 800 Food Center Dr Bronx, NY, 10474",Bronx,Closure,Permanent,Contract Loss,20,5,5
"Klēn Space, Inc.",2025-12-31,2025-06-30,2025-10-07,"Hunts Point 800 Food Center Dr Bronx, NY, 10474",Bronx,Closure,Permanent,Contract Loss,36,5,5
"Klēn Space, Inc.",2025-12-31,2025-06-30,2025-10-11,"Julia De Burgos Center 1681 Lexington Avenue New York, NY, 10029",New York,Closure,Permanent,Contract Loss,32,2,2
"Klēn Space, Inc.",2025-12-31,2025-06-30,2025-10-07,"Julia De Burgos Center 1681 Lexington Avenue New York, NY, 10029",New York,Closure,Permanent,Contract Loss,48,2,2
"Klēn Space, Inc.",2025-12-31,2025-06-30,2025-10-11,"Kingsbridge Armory 29 West Kingsbridge Rd Bronx, NY, 10468",Kings,Closure,Permanent,Contract Loss,28,1,1
"Klēn Space, Inc.",2025-12-31,2025-06-30,2025-10-07,"Kingsbridge Armory 29 West Kingsbridge Rd Bronx, NY, 10468",Kings,Closure,Permanent,Contract Loss,44,1,1
"Klēn Space, Inc.",2025-12-31,2025-06-30,2025-10-11,"MADE Bush Terminal 13 42nd St Brooklyn, NY, 11232",Kings,Closure,Permanent,Contract Loss,29,2,2
"Klēn Space, Inc.",2025-12-31,2025-06-30,2025-10-07,"MADE Bush Terminal 13 42nd St Brooklyn, NY, 11232",Kings,Closure,Permanent,Contract Loss,45,2,2
"Klēn Space, Inc.",2025-12-31,2025-06-30,2025-10-11,"New Fulton Fish Market 800 Food Center Dr Bronx, NY, 10474",Bronx,Closure,Permanent,Contract Loss,21,7,7
"Klēn Space, Inc.",2025-12-31,2025-06-30,2025-10-07,"New Fulton Fish Market 800 Food Center Dr Bronx, NY, 10474",Bronx,Closure,Permanent,Contract Loss,37,7,7
"Klēn Space, Inc.",2025-12-31,2025-06-30,2025-10-11,"Pier 11 Wall St (Waterfront) Manhattan, NY, 10005",New York,Closure,Permanent,Contract Loss,33,4,4
"Klēn Space, Inc.",2025-12-31,2025-06-30,2025-10-07,"Pier 11 Wall St (Waterfront) Manhattan, NY, 10005",New York,Closure,Permanent,Contract Loss,49,4,4
"Klēn Space, Inc.",2025-12-31,2025-06-30,2025-10-11,"South Street Seaport 19 Fulton St New York, NY, 10038",New York,Closure,Permanent,Contract Loss,34,1,1
"Klēn Space, Inc.",2025-12-31,2025-06-30,2025-10-07,"South Street Seaport 19 Fulton St New York, NY, 10038",New York,Closure,Permanent,Contract Loss,50,1,1
"Klēn Space, Inc.",2025-12-31,2025-06-30,2025-10-11,"Staten Island Esplandes 1 Bay St Staten Island, NY, 10301",Richmond,Closure,Permanent,Contract Loss,35,4,4
"Klēn Space, Inc.",2025-12-31,2025-06-30,2025-10-07,"Staten Island Esplandes 1 Bay St Staten Island, NY, 10301",Richmond,Closure,Permanent,Contract Loss,51,4,4
"Klēn Space, Inc.",2025-12-31,2025-06-30,2025-10-11,"Vacant Lot  Brooklyn, NY, 11220",Kings,Closure,Permanent,Contract Loss,30,3,3
"Klēn Space, Inc.",2025-12-31,2025-06-30,2025-10-07,"Vacant Lot  Brooklyn, NY, 11220",Kings,Closure,Permanent,Contract Loss,46,3,3
"KORE Wireless, Inc. and Integron, LLC.",2025-07-28,2025-04-29,2025-08-18,"3750 Monroe Avenue Suite 300 Pittsford, NY, 14534",Monroe,Closure,Permanent,Economic,46,51,51
L&M Bus Corporation,2025-10-31,2025-10-20,2025-12-29,"80 Edison Avenue  Mt Vernon, NY, 10550",Westchester,Layoff,Temporary,Contract Termination,5,28,28
L&M Bus Corporation,2025-10-31,2025-10-20,2025-12-29,"940 Remsen Ave  Brooklyn, NY, 11236",Kings,Layoff,Temporary,Contract Termination,4,395,395
"Laboratory Alliance of Central New York, LLC.",2026-03-16,2025-12-16,2026-03-13,"113 Innovation Lane  Liverpool, NY, 13088",Onondaga,Closure,Permanent,Sale of Business,17,45,45
"Landey EV Dispatch, Inc.",2025-08-22,2025-08-11,2025-09-25,"31-00 47th Ave, Suite 2115  Brooklyn, NY, 11101",Queens,Closure,Permanent,Other,21,13,13
"Legends Hospitality, LLC.",2025-04-02,2025-01-02,2025-01-08,"450 West 33rd Street  New York, NY, 10001",New York,Closure,Permanent,Contract Termination,43,68,68
"Lynx Logistics, LLC.",2025-09-12,2025-09-23,2025-12-17,"1502 Bassett Ave  Bronx, NY, 10461",Bronx,Closure,Permanent,Contract Termination,6,53,53
"Macy’s Retail Holdings, Inc.",2025-03-23,2025-01-09,2025-02-13,"397 Greece Ridge Center Macy’s Mall at Greece Ridge #71143 Rochester, NY, 14626",Monroe,Closure,Permanent,Economic,256,50,50
"Macy’s Retail Holdings, Inc.",2025-03-23,2025-01-09,2025-02-13,"400 Sunrise Mall Macy’s Sunrise New York #71032 Massapequa, NY, 11758",Nassau,Closure,Permanent,Economic,257,77,77
Mark D. Fromer MD PC.,2025-08-15,2025-09-22,2025-11-17,"3130 Grand Concourse  Bronx, NY, 10458",Bronx,Closure,Permanent,Other,11,31,31
"Maximus, Inc.",2026-03-31,2025-12-23,2026-02-09,"30 Broad St, 18th Floor New York, NY, 10004",New York,Layoff,Permanent,Other,6,44,44
"Maximus, Inc.",2025-09-30,2025-07-02,2025-07-09,"92-31 Union Hall St 4th Floor Jamaica, NY, 11433",Queens,Closure,Permanent,Contract Termination,17,40,40
"Mental Health Association of New York City, Inc.",2025-06-15,2025-02-13,2025-03-21,"2488 Grand Concourse Floor 2 Bronx, NY, 10458",Bronx,Closure,Permanent,Contract Termination,41,36,36
"Mercantile Adjustment Bureau, LLC",2025-06-30,2025-06-01,2025-09-04,"165 Lawrence Bell Drive Suite 100 Williamsville, NY, 14221",Erie,Layoff,Temporary,Contract Loss Contract Termination Economic Funding Loss Sale of Business,1,128,128
"Mercer Culinary, LLC.",2025-11-28,2025-07-09,2026-03-25,"1860 Smithtown Avenue  Ronkonkoma, NY, 11779",Suffolk,Layoff,Permanent,Economic,7,35,35
Metro Mattress Corporation,2025-11-07,2025-10-06,2025-10-23,"3545 John Glenn Blvd.  Syracuse, NY, 13209",Onondaga,Closure,Permanent,Bankruptcy,5,36,36
Morgan Stanley,2025-06-17,2025-03-26,2025-05-21,"55 East 52nd Street  New York, NY, 10055",New York,Layoff,Permanent,Other,36,3,3
Morgan Stanley,2025-06-17,2025-03-26,2025-05-21,"100 Park Avenue  New York, NY, 10017",New York,Layoff,Permanent,Other,37,2,2
Morgan Stanley,2025-06-17,2025-03-26,2025-05-21,"399 Park Avenue  New York, NY, 10022",New York,Layoff,Permanent,Other,38,3,3
Morgan Stanley,2025-06-17,2025-03-19,2025-05-21,"750  7th Avenue  New York, NY, 10019",New York,Layoff,Permanent,Other,42,89,89
Morgan Stanley,2025-06-17,2025-03-26,2025-05-21,"1221 Avenue of Americas  New York, NY, 10020",New York,Layoff,Permanent,Other,39,1,1
Morgan Stanley,2025-09-09,2025-06-11,2026-01-23,"1585 Broadway  New York, NY, 10036",New York,Layoff,Permanent,Other,8,31,31
Morgan Stanley,2025-06-17,2025-03-26,2025-05-21,"1585 Broadway  New York, NY, 10036",New York,Layoff,Permanent,Other,40,84,84
Morgan Stanley,2025-06-17,2025-03-26,2025-05-21,"1633 Broadway  New York, NY, 10019",New York,Layoff,Permanent,Other,41,47,47
"MS Expert Logistics, LLC.",2025-09-01,2025-06-03,2025-06-05,"640 Columbia Street  Brooklyn, NY, 11231",Kings,Closure,Permanent,Economic,56,104,104
"Mt. McKinley Managers, LLC.",2026-03-31,2025-12-15,2026-03-16,"1155 Avenue of the Americas Mt. McKinley Managers, LLC. New York, NY, 10036",New York,Layoff,Permanent,Other,4,8,8
Mulligan Security LLC,2025-04-25,2025-04-04,2025-06-12,"45 East 45th Street  New York, NY, 10017",New York,Closure,Permanent,Contract Loss,61,111,111
"Mulligan Security, LLC.",2025-03-06,2025-01-31,2025-02-11,"47 Hall Street  Brooklyn, NY, 11205",Kings,Closure,Permanent,Contract Loss,66,409,409
"Mulligan Security, LLC.",2025-07-14,2025-04-15,2025-04-24,"47-11 Austelle Place  Long Island City, NY, 11107",Queens,Closure,Permanent,Contract Termination,35,73,73
"Mulligan Security, LLC.",2025-07-14,2025-04-15,2025-04-24,"119 Avenue B  New York, NY, 10009",New York,Closure,Permanent,Contract Termination,34,13,13
"Mulligan Security, LLC.",2025-07-14,2025-04-15,2025-04-24,"455 Jefferson  East Williamsburg, NY, 11237",Kings,Closure,Permanent,Contract Termination,33,84,84
"National Express d/b/a Quality Bus Service, LLC.",2025-06-27,2025-03-25,2025-04-03,"43 Andrews Lane  Chester, NY, 10918",Orange,Closure,Permanent,Contract Loss,64,81,81
"NEP Group, Inc.",2025-06-02,2025-03-01,2025-03-13,"89 South Street  New York, NY, 10002",New York,Layoff,Permanent,Contract Expiration,17,26,26
"NeueHouse Management, LLC.",2025-09-05,2025-09-03,2026-02-13,"110 East 25th Street  New York, NY, 10010",New York,Closure,Permanent,Bankruptcy,1,60,60
"NeueHouse Management, LLC.",2025-09-05,2025-09-03,2026-02-13,"373 Park Avenue S 5th Floor New York, NY, 10016",New York,Closure,Permanent,Bankruptcy,2,0,0
"Nice Pak Products, LLC.",2025-10-10,2025-09-23,2026-04-14,"1 Blue Hill Plaza  Pearl River, NY, 10965",Rockland,Closure,Permanent,Sale of Business,1,54,54
"NIKE Retail Services, Inc.",2026-01-31,2025-10-31,2025-12-03,"529 Broadway  New York, NY, 10002",New York,Closure,Permanent,Relocation of Business,4,87,87
"Nogin Commerce, LLC.",2025-03-16,2025-03-16,2025-03-24,"15 West 38th Street Unit 501 New York, NY, 10018",New York,Closure,Permanent,Economic,244,20,20
"Northern Lights Enterprises, Inc.",2025-02-26,2025-02-26,2025-03-07,"3474 Andover Road  Wellsville, NY, 14895",Allegany,Layoff,Permanent,Other,53,38,38
"Nuttall Gear, LLC.",2025-09-05,2025-05-08,2025-10-22,"2221 Niagara Falls Blvd  Niagara Falls, NY, 14304",Niagara,Closure,Permanent,Relocation of Business,5,60,60
"NYP Holdings, Inc.",2025-08-31,2025-05-29,2025-06-03,"31-70 College Point Blvd  Queens, NY, 11354",Queens,Layoff,Permanent,Other,34,83,83
"Ocean View Family Residence, LLC.",2025-06-30,2025-04-01,2025-04-02,"2221 Loretta Road  Far Rockaway, NY, 11691",Queens,Closure,Permanent,Expiration of Lease,6,29,29
"Odeko, Inc.",2025-06-30,2025-03-31,2025-04-11,"11-25 Broadway  Astoria, NY, 11106",Queens,Closure,Permanent,Relocation of Business,11,61,61
"Old Navy, Inc.",2025-07-11,2025-04-11,2025-04-16,"150 W 34th Street  New York, NY, 10001",New York,Closure,Permanent,Economic,241,95,95
OTG Management - Terminal 5,2025-06-02,2025-03-03,2025-04-17,"JFK International Airport Terminal 5 Jamaica, NY, 11430",Queens,Layoff,Permanent,Economic,239,66,66
OTG Management - Terminal 8,2025-08-31,2025-03-03,2025-04-17,"JFK International Airport Terminal 8 Jamaica, NY, 11430",Queens,Closure,Permanent,Economic,240,41,41
"Pace Field Services, LLC.",2025-02-06,2025-02-06,2025-03-06,"41 Box Street  Brooklyn, NY, 11222",Kings,Closure,Permanent,Economic,250,57,57
Pace Plumbing Corp.,2025-02-06,2025-02-06,2025-02-27,"41 Box Street  Brooklyn, NY, 11222",Kings,Closure,Permanent,Economic,253,214,214
Paladin Technologies (USA) Inc.,2025-11-18,2025-11-18,2026-02-23,"12 West 21st St.  New York, NY, 10010",New York,Closure,Permanent,Economic,8,48,48
"Paradies-JFK, LLC",2025-10-31,2025-08-01,2025-09-04,"JFK Expressway Terminal 4 Jamaica, NY, 11430",Queens,Layoff,Permanent,Contract Termination,15,14,14
Paramount Global,2025-09-08,2025-06-10,2025-10-03,"513 W. 57th Street  New York, NY, 10019",New York,Layoff,Permanent,Economic,33,1,1
Paramount Global,2025-09-08,2025-06-10,2025-09-17,"513 W. 57th Street  New York, NY, 10019",New York,Layoff,Permanent,Economic,40,1,1
Paramount Global,2025-09-08,2025-06-10,2025-10-03,"524 W. 57th Street  New York, NY, 10019",New York,Layoff,Permanent,Economic,34,7,7
Paramount Global,2025-09-08,2025-06-10,2025-09-17,"524 W. 57th Street  New York, NY, 10019",New York,Layoff,Permanent,Economic,41,7,7
Paramount Global,2025-09-08,2025-06-10,2025-10-03,"555 W. 57th Street  New York, NY, 10019",New York,Layoff,Permanent,Economic,35,11,11
Paramount Global,2025-09-08,2025-06-10,2025-09-17,"555 W. 57th Street  New York, NY, 10019",New York,Layoff,Permanent,Economic,42,11,11
Paramount Global,2025-09-08,2025-06-10,2025-10-03,"1515 Broadway  New York, NY, 10036",New York,Layoff,Permanent,Economic,36,244,244
Paramount Global,2025-09-08,2025-06-10,2025-09-17,"1515 Broadway  New York, NY, 10036",New York,Layoff,Permanent,Economic,43,244,244
Paramount  Skydance Corporation,2026-01-15,2025-10-29,2026-05-06,"513 W. 57th Street  New York, NY, 10019",New York,Layoff,Permanent,Economic,1,5,5
Paramount  Skydance Corporation,2026-01-15,2025-10-29,2026-05-06,"514 W. 57th Street  New York, NY, 10019",New York,Layoff,Permanent,Economic,2,3,3
Paramount  Skydance Corporation,2026-01-15,2025-10-29,2026-05-06,"524 W. 57th Street  New York, NY, 10019",New York,Layoff,Permanent,Economic,3,117,117
Paramount  Skydance Corporation,2026-01-15,2025-10-29,2026-05-06,"530 W. 57th St  New York, NY, 10019",New York,Layoff,Permanent,Economic,4,1,1
Paramount  Skydance Corporation,2026-01-15,2025-10-29,2026-05-06,"555 W. 57th Street  New York, NY, 10019",New York,Layoff,Permanent,Economic,5,29,29
Paramount  Skydance Corporation,2026-01-15,2025-10-29,2026-05-06,"1515 Broadway  New York, NY, 10036",New York,Layoff,Permanent,Economic,6,350,350
Pay-O-Matic Corp.,2025-09-12,2025-11-14,2025-12-24,"11 East Gunhill Road  Bronx, NY, 10467",Bronx,Closure,Permanent,Funding Loss,2,6,6
Pay-O-Matic Corp.,2025-09-12,2025-11-14,2025-12-24,"30-08 Broadway  Astoria, NY, 11106",Queens,Closure,Permanent,Funding Loss,82,1,1
Pay-O-Matic Corp.,2025-09-12,2025-11-14,2025-12-24,"30-14 31st St  Astoria, NY, 11102",Queens,Closure,Permanent,Funding Loss,83,4,4
Pay-O-Matic Corp.,2025-09-12,2025-11-14,2025-12-24,"30-31 Stratton Street  Flushing, NY, 11354",Queens,Closure,Permanent,Funding Loss,84,3,3
Pay-O-Matic Corp.,2025-09-12,2025-11-14,2025-12-24,"37-74 90th St  Jackson Heights, NY, 11372",Queens,Closure,Permanent,Funding Loss,85,8,8
Pay-O-Matic Corp.,2025-09-12,2025-11-14,2025-12-24,"40-35B 21st St  Long Island City, NY, 11101",Queens,Closure,Permanent,Funding Loss,86,3,3
Pay-O-Matic Corp.,2025-09-12,2025-11-14,2025-12-24,"44-66 21st Street  Long Island City, NY, 11101",Queens,Closure,Permanent,Funding Loss,87,1,1
Pay-O-Matic Corp.,2025-09-12,2025-11-14,2025-12-24,"46-14 Queens Blvd  Sunnyside, NY, 11104",Queens,Closure,Permanent,Funding Loss,88,7,7
Pay-O-Matic Corp.,2025-09-12,2025-11-14,2025-12-24,"53-05 108th Street  Corona, NY, 11368",Queens,Closure,Permanent,Funding Loss,89,3,3
Pay-O-Matic Corp.,2025-09-12,2025-11-14,2025-12-24,"56-54 Myrtle Ave  Ridgewood, NY, 11385",Queens,Closure,Permanent,Funding Loss,90,4,4
Pay-O-Matic Corp.,2025-09-12,2025-11-14,2025-12-24,"57 Pitt Street  New York, NY, 10002",New York,Closure,Permanent,Funding Loss,71,1,1
Pay-O-Matic Corp.,2025-09-12,2025-11-14,2025-12-24,"58-14 Roosevelt Ave  Woodside, NY, 11377",Queens,Closure,Permanent,Funding Loss,91,1,1
Pay-O-Matic Corp.,2025-09-12,2025-11-14,2025-12-24,"60-29 Myrtle Ave  Ridgewood, NY, 11385",Queens,Closure,Permanent,Funding Loss,92,1,1
Pay-O-Matic Corp.,2025-09-12,2025-11-14,2025-12-24,"68-20 Queens Blvd  Woodside, NY, 11377",Queens,Closure,Permanent,Funding Loss,93,2,2
Pay-O-Matic Corp.,2025-09-12,2025-11-14,2025-12-24,"71-04 Kissena Blvd  Flushing, NY, 11367",Queens,Closure,Permanent,Funding Loss,94,3,3
Pay-O-Matic Corp.,2025-09-12,2025-11-14,2025-12-24,"92-40 Guy R Brewer Blvd  Jamaica, NY, 11433",Queens,Closure,Permanent,Funding Loss,95,1,1
Pay-O-Matic Corp.,2025-09-12,2025-11-14,2025-12-24,"94 8th Ave  New York, NY, 10011",New York,Closure,Permanent,Funding Loss,72,3,3
Pay-O-Matic Corp.,2025-09-12,2025-11-14,2025-12-24,"99-25 Horace Harding Expwy  Corona, NY, 11368",Queens,Closure,Permanent,Funding Loss,96,1,1
Pay-O-Matic Corp.,2025-09-12,2025-11-14,2025-12-24,"102-10 Roosevelt Ave.  Corona, NY, 11368",Queens,Closure,Permanent,Funding Loss,97,5,5
Pay-O-Matic Corp.,2025-09-12,2025-11-14,2025-12-24,"102-26 Atlantic Ave  Ozone Park, NY, 11416",Queens,Closure,Permanent,Funding Loss,98,3,3
Pay-O-Matic Corp.,2025-09-12,2025-11-14,2025-12-24,"105-16 Cross Bay Blvd  Ozone Park, NY, 11417",Queens,Closure,Permanent,Funding Loss,99,2,2
Pay-O-Matic Corp.,2025-09-12,2025-11-14,2025-12-24,"115 Essex Street  Brooklyn, NY, 10002",New York,Closure,Permanent,Funding Loss,73,2,2
Pay-O-Matic Corp.,2025-09-12,2025-09-12,2025-12-24,"115 West 23rd Street  New York, NY, 10011",New York,Closure,Permanent,Funding Loss,110,3,3
Pay-O-Matic Corp.,2025-09-12,2025-11-14,2025-12-24,"120 Featherbed Lane  Bronx, NY, 10452",Bronx,Closure,Permanent,Funding Loss,3,1,1
Pay-O-Matic Corp.,2025-09-12,2025-11-14,2025-12-24,"126 Graham Ave  Brooklyn, NY, 11206",Kings,Closure,Permanent,Funding Loss,32,6,6
Pay-O-Matic Corp.,2025-09-12,2025-11-14,2025-12-24,"129A West Sunrise Highway  Freeport, NY, 11520",Nassau,Closure,Permanent,Funding Loss,68,2,2
Pay-O-Matic Corp.,2025-09-12,2025-11-14,2025-12-24,"151 Vanderbilt Ave  Brooklyn, NY, 11205",Kings,Closure,Permanent,Funding Loss,33,1,1
Pay-O-Matic Corp.,2025-09-12,2025-11-14,2025-12-24,"159 East 170th Street  Bronx, NY, 10452",n/a,Closure,Permanent,Funding Loss,67,5,5
Pay-O-Matic Corp.,2025-09-12,2025-11-14,2025-12-24,"160 Oak Drive  Syosset, NY, 11791",Nassau,Closure,Permanent,Funding Loss,69,27,27
Pay-O-Matic Corp.,2025-09-12,2025-11-14,2025-12-24,"160-39 Rockaway Blvd  Jamaica, NY, 11434",Queens,Closure,Permanent,Funding Loss,100,3,3
Pay-O-Matic Corp.,2025-09-12,2025-11-14,2025-12-24,"166-30 Jamaica Ave  Jamaica, NY, 11432",Queens,Closure,Permanent,Funding Loss,101,14,14
Pay-O-Matic Corp.,2025-09-12,2025-11-14,2025-12-24,"168 Greenpoint Ave  Brooklyn, NY, 11222",Kings,Closure,Permanent,Funding Loss,34,2,2
Pay-O-Matic Corp.,2025-09-12,2025-11-14,2025-12-24,"188 Martine Ave  White Plains, NY, 10601",Westchester,Closure,Permanent,Funding Loss,109,3,3
Pay-O-Matic Corp.,2025-09-12,2025-11-14,2025-12-24,"188-34 Linden Blvd  St. Albans, NY, 11412",Queens,Closure,Permanent,Funding Loss,102,2,2
Pay-O-Matic Corp.,2025-09-12,2025-11-14,2025-12-24,"205-06 Hillside Ave  Hollis, NY, 11423",Queens,Closure,Permanent,Funding Loss,103,2,2
Pay-O-Matic Corp.,2025-09-12,2025-11-14,2025-12-24,"205-19 Jamaica Avenue  Hollis, NY, 11423",Queens,Closure,Permanent,Funding Loss,104,2,2
Pay-O-Matic Corp.,2025-09-12,2025-11-14,2025-12-24,"222-06 South Conduit Ave  Springfield Gardens, NY, 11413",Queens,Closure,Permanent,Funding Loss,105,15,15
Pay-O-Matic Corp.,2025-09-12,2025-11-14,2025-12-24,"254 Kingston Ave  Brooklyn, NY, 11213",Kings,Closure,Permanent,Funding Loss,35,1,1
Pay-O-Matic Corp.,2025-09-12,2025-11-14,2025-12-24,"254 Livonia Ave  Brooklyn, NY, 11212",Kings,Closure,Permanent,Funding Loss,36,3,3
Pay-O-Matic Corp.,2025-09-12,2025-11-14,2025-12-24,"263 Saratoga Ave  Brooklyn, NY, 11233",Kings,Closure,Permanent,Funding Loss,37,4,4
Pay-O-Matic Corp.,2025-09-12,2025-11-14,2025-12-24,"269 East Tremont Ave  Bronx, NY, 10457",Bronx,Closure,Permanent,Funding Loss,4,3,3
Pay-O-Matic Corp.,2025-09-12,2025-11-14,2025-12-24,"271 East 149th Street  Bronx, NY, 10451",Bronx,Closure,Permanent,Funding Loss,5,9,9
Pay-O-Matic Corp.,2025-09-12,2025-11-14,2025-12-24,"286 Brighton Beach Ave  Brooklyn, NY, 11235",Kings,Closure,Permanent,Funding Loss,38,3,3
Pay-O-Matic Corp.,2025-09-12,2025-11-14,2025-12-24,"303 East Houston Street  New York, NY, 10002",New York,Closure,Permanent,Funding Loss,74,4,4
Pay-O-Matic Corp.,2025-09-12,2025-11-14,2025-12-24,"339 East Gun Hill Road  Bronx, NY, 10467",Bronx,Closure,Permanent,Funding Loss,6,1,1
Pay-O-Matic Corp.,2025-09-12,2025-11-14,2025-12-24,"349B Old Country Road  Carle Place, NY, 11514",Nassau,Closure,Permanent,Funding Loss,70,2,2
Pay-O-Matic Corp.,2025-09-12,2025-11-14,2025-12-24,"350D Middle Country Road  Corma, NY, 11727",Suffolk,Closure,Permanent,Funding Loss,107,2,2
Pay-O-Matic Corp.,2025-09-12,2025-11-14,2025-12-24,"359 Nostrand Ave  Brooklyn, NY, 11216",Kings,Closure,Permanent,Funding Loss,39,3,3
Pay-O-Matic Corp.,2025-09-12,2025-11-14,2025-12-24,"364 Graham Ave  Brooklyn, NY, 11211",Kings,Closure,Permanent,Funding Loss,40,2,2
Pay-O-Matic Corp.,2025-09-12,2025-11-14,2025-12-24,"396 East 167th Street  Bronx, NY, 10456",Bronx,Closure,Permanent,Funding Loss,7,3,3
Pay-O-Matic Corp.,2025-09-12,2025-11-14,2025-12-24,"451 Broadway  Brooklyn, NY, 11211",Kings,Closure,Permanent,Funding Loss,41,2,2
Pay-O-Matic Corp.,2025-09-12,2025-11-14,2025-12-24,"514 West 207th St  New York, NY, 10034",New York,Closure,Permanent,Funding Loss,75,5,5
Pay-O-Matic Corp.,2025-09-12,2025-11-14,2025-12-24,"531 Eastern Parkway  Brooklyn, NY, 11216",Kings,Closure,Permanent,Funding Loss,42,1,1
Pay-O-Matic Corp.,2025-09-12,2025-11-14,2025-12-24,"582 5th Ave  Brooklyn, NY, 11215",Kings,Closure,Permanent,Funding Loss,43,2,2
Pay-O-Matic Corp.,2025-09-12,2025-11-14,2025-12-24,"592 8th Ave  New York, NY, 10018",New York,Closure,Permanent,Funding Loss,76,8,8
Pay-O-Matic Corp.,2025-09-12,2025-11-14,2025-12-24,"593 Myrtle Ave  Brooklyn, NY, 11205",Kings,Closure,Permanent,Funding Loss,44,2,2
Pay-O-Matic Corp.,2025-09-12,2025-11-14,2025-12-24,"620A Castle Hill Ave  Bronx, NY, 10473",Bronx,Closure,Permanent,Funding Loss,8,2,2
Pay-O-Matic Corp.,2025-09-12,2025-11-14,2025-12-24,"664 East Tremont Ave  Bronx, NY, 10457",Bronx,Closure,Permanent,Funding Loss,9,2,2
Pay-O-Matic Corp.,2025-09-12,2025-11-14,2025-12-24,"686A Nereid Ave  Bronx, NY, 10470",Bronx,Closure,Permanent,Funding Loss,10,2,2
Pay-O-Matic Corp.,2025-09-12,2025-11-14,2025-12-24,"687 Stanley Ave  Brooklyn, NY, 11207",Kings,Closure,Permanent,Funding Loss,45,1,1
Pay-O-Matic Corp.,2025-09-12,2025-11-14,2025-12-24,"697 East Gun Hill Road  Bronx, NY, 10467",Bronx,Closure,Permanent,Funding Loss,11,5,5
Pay-O-Matic Corp.,2025-09-12,2025-11-14,2025-12-24,"706 Ralph Ave  Brooklyn, NY, 11212",Kings,Closure,Permanent,Funding Loss,46,1,1
Pay-O-Matic Corp.,2025-09-12,2025-11-14,2025-12-24,"763 9th Ave  New York, NY, 10019",New York,Closure,Permanent,Funding Loss,77,1,1
Pay-O-Matic Corp.,2025-09-12,2025-11-14,2025-12-24,"797 Southern Blvd  Bronx, NY, 10459",Bronx,Closure,Permanent,Funding Loss,12,3,3
Pay-O-Matic Corp.,2025-09-12,2025-11-14,2025-12-24,"840 Franklin Ave  Brooklyn, NY, 11225",Kings,Closure,Permanent,Funding Loss,47,1,1
Pay-O-Matic Corp.,2025-09-12,2025-11-14,2025-12-24,"890 East Tremont Ave  Bronx, NY, 10460",Bronx,Closure,Permanent,Funding Loss,13,5,5
Pay-O-Matic Corp.,2025-09-12,2025-11-14,2025-12-24,"925 East 174th Street  Bronx, NY, 10460",Bronx,Closure,Permanent,Funding Loss,14,3,3
Pay-O-Matic Corp.,2025-09-12,2025-11-14,2025-12-24,"926 Columbus Ave  New York, NY, 10025",New York,Closure,Permanent,Funding Loss,78,3,3
Pay-O-Matic Corp.,2025-09-12,2025-11-14,2025-12-24,"961 Pennsylvania Ave  Brooklyn, NY, 11207",Kings,Closure,Permanent,Funding Loss,48,3,3
Pay-O-Matic Corp.,2025-09-12,2025-11-14,2025-12-24,"977 Prospect Ave  Bronx, NY, 10459",Bronx,Closure,Permanent,Funding Loss,15,1,1
Pay-O-Matic Corp.,2025-09-12,2025-11-14,2025-12-24,"1075 Broadway  Brooklyn, NY, 11221",Kings,Closure,Permanent,Funding Loss,49,2,2
Pay-O-Matic Corp.,2025-09-12,2025-11-14,2025-12-24,"1139 Liberty Ave  Brooklyn, NY, 11208",Kings,Closure,Permanent,Funding Loss,50,3,3
Pay-O-Matic Corp.,2025-09-12,2025-11-14,2025-12-24,"1202 Morrison Ave  Bronx, NY, 10472",Bronx,Closure,Permanent,Funding Loss,16,4,4
Pay-O-Matic Corp.,2025-09-12,2025-11-14,2025-12-24,"1204 Elder Ave  Bronx, NY, 10472",Bronx,Closure,Permanent,Funding Loss,17,3,3
Pay-O-Matic Corp.,2025-09-12,2025-11-14,2025-12-24,"1245 Southern Blvd  Bronx, NY, 10459",Bronx,Closure,Permanent,Funding Loss,18,2,2
Pay-O-Matic Corp.,2025-09-12,2025-11-14,2025-12-24,"1294 Fulton St  Brooklyn, NY, 11216",Kings,Closure,Permanent,Funding Loss,51,5,5
Pay-O-Matic Corp.,2025-09-12,2025-11-14,2025-12-24,"1441 St Johns Pl  Brooklyn, NY, 11213",Kings,Closure,Permanent,Funding Loss,52,6,6
Pay-O-Matic Corp.,2025-09-12,2025-11-14,2025-12-24,"1500 Bruckner Blvd  Bronx, NY, 10473",Bronx,Closure,Permanent,Funding Loss,19,2,2
Pay-O-Matic Corp.,2025-09-12,2025-11-14,2025-12-24,"1532 Utica Ave  Brooklyn, NY, 11234",Kings,Closure,Permanent,Funding Loss,53,3,3
Pay-O-Matic Corp.,2025-09-12,2025-11-14,2025-12-24,"1569 Pitkin Ave  Brooklyn, NY, 11212",Kings,Closure,Permanent,Funding Loss,54,3,3
Pay-O-Matic Corp.,2025-09-12,2025-11-14,2025-12-24,"1588 Fulton St  Brooklyn, NY, 11213",Kings,Closure,Permanent,Funding Loss,55,1,1
Pay-O-Matic Corp.,2025-09-12,2025-11-14,2025-12-24,"1640 Broadway  Brooklyn, NY, 11207",Kings,Closure,Permanent,Funding Loss,56,3,3
Pay-O-Matic Corp.,2025-09-12,2025-11-14,2025-12-24,"1756 Bushwick Ave  Brooklyn, NY, 11207",Kings,Closure,Permanent,Funding Loss,57,2,2
Pay-O-Matic Corp.,2025-09-12,2025-11-14,2025-12-24,"1784 Westchester Ave  Bronx, NY, 10472",Bronx,Closure,Permanent,Funding Loss,20,1,1
Pay-O-Matic Corp.,2025-09-12,2025-11-14,2025-12-24,"1813 Kings Hwy  Brooklyn, NY, 11229",Kings,Closure,Permanent,Funding Loss,58,4,4
Pay-O-Matic Corp.,2025-09-12,2025-11-14,2025-12-24,"1865 Bruckner Blvd  Bronx, NY, 10472",Bronx,Closure,Permanent,Funding Loss,21,3,3
Pay-O-Matic Corp.,2025-09-12,2025-11-14,2025-12-24,"1908 Church Ave  Brooklyn, NY, 11226",Kings,Closure,Permanent,Funding Loss,59,4,4
Pay-O-Matic Corp.,2025-09-12,2025-11-14,2025-12-24,"1908 Cross Bronx Expwy  Bronx, NY, 10472",Bronx,Closure,Permanent,Funding Loss,22,4,4
Pay-O-Matic Corp.,2025-09-12,2025-11-14,2025-12-24,"2187 White Plains Rd  Bronx, NY, 10462",Bronx,Closure,Permanent,Funding Loss,23,6,6
Pay-O-Matic Corp.,2025-09-12,2025-11-14,2025-12-24,"2193 Grand Concourse  Bronx, NY, 10453",Bronx,Closure,Permanent,Funding Loss,24,2,2
Pay-O-Matic Corp.,2025-09-12,2025-11-14,2025-12-24,"2201 Bedford Avenue  Brooklyn, NY, 11226",Kings,Closure,Permanent,Funding Loss,60,2,2
Pay-O-Matic Corp.,2025-09-12,2025-11-14,2025-12-24,"2323 Mermaid Ave  Brooklyn, NY, 11224",Kings,Closure,Permanent,Funding Loss,61,3,3
Pay-O-Matic Corp.,2025-09-12,2025-11-14,2025-12-24,"2351 Second Ave  New York, NY, 10035",New York,Closure,Permanent,Funding Loss,79,2,2
Pay-O-Matic Corp.,2025-09-12,2025-11-14,2025-12-24,"2356 Grand Concourse  Bronx, NY, 10458",Bronx,Closure,Permanent,Funding Loss,25,2,2
Pay-O-Matic Corp.,2025-09-12,2025-11-14,2025-12-24,"2441 Jerome Ave  Bronx, NY, 10468",Bronx,Closure,Permanent,Funding Loss,26,4,4
Pay-O-Matic Corp.,2025-09-12,2025-11-14,2025-12-24,"2488 Linden Blvd  Brooklyn, NY, 11208",Kings,Closure,Permanent,Funding Loss,62,3,3
Pay-O-Matic Corp.,2025-09-12,2025-11-14,2025-12-24,"2510B Hylan Blvd  Staten Island, NY, 10306",Richmond,Closure,Permanent,Funding Loss,106,3,3
Pay-O-Matic Corp.,2025-09-12,2025-11-14,2025-12-24,"2690 Route 112  Medford, NY, 11763",Suffolk,Closure,Permanent,Funding Loss,108,4,4
Pay-O-Matic Corp.,2025-09-12,2025-11-14,2025-12-24,"3212 Third Ave  Bronx, NY, 10451",Bronx,Closure,Permanent,Funding Loss,27,2,2
Pay-O-Matic Corp.,2025-09-12,2025-11-14,2025-12-24,"3352 Broadway  New York, NY, 10031",New York,Closure,Permanent,Funding Loss,80,4,4
Pay-O-Matic Corp.,2025-09-12,2025-11-14,2025-12-24,"3407 Fulton Street  Brooklyn, NY, 11208",Kings,Closure,Permanent,Funding Loss,63,3,3
Pay-O-Matic Corp.,2025-09-12,2025-11-14,2025-12-24,"3480 Baychester Ave  Bronx, NY, 10475",Bronx,Closure,Permanent,Funding Loss,28,5,5
Pay-O-Matic Corp.,2025-09-12,2025-11-14,2025-12-24,"3657 Broadway  New York, NY, 10031",New York,Closure,Permanent,Funding Loss,81,1,1
Pay-O-Matic Corp.,2025-09-12,2025-11-14,2025-12-24,"3725 East Tremont Ave  Bronx, NY, 10465",Bronx,Closure,Permanent,Funding Loss,29,3,3
Pay-O-Matic Corp.,2025-09-12,2025-11-14,2025-12-24,"4551 Third Ave  Bronx, NY, 10458",Bronx,Closure,Permanent,Funding Loss,30,3,3
Pay-O-Matic Corp.,2025-09-12,2025-11-14,2025-12-24,"5207 Broadway  Bronx, NY, 10463",Bronx,Closure,Permanent,Funding Loss,31,2,2
Pay-O-Matic Corp.,2025-09-12,2025-11-14,2025-12-24,"5215 Fourth Ave  Brooklyn, NY, 11220",Kings,Closure,Permanent,Funding Loss,64,3,3
Pay-O-Matic Corp.,2025-09-12,2025-11-14,2025-12-24,"5805 Fourth Ave  Brooklyn, NY, 11220",Kings,Closure,Permanent,Funding Loss,65,2,2
Pay-O-Matic Corp.,2025-09-12,2025-11-14,2025-12-24,"9726 Seaview Ave  Brooklyn, NY, 11236",Kings,Closure,Permanent,Funding Loss,66,2,2
Penny Transportation,2025-10-31,2025-10-20,2025-12-24,"3100 Cropsey Avenue  Brooklyn, NY, 11224",Kings,Layoff,Permanent,Contract Expiration,6,145,145
"Peraton Enterprise Solutions, LLC.",2025-09-29,2025-07-02,2026-01-05,"NY Remote Employees  Rochester, NY, 14613",Monroe,Layoff,Permanent,Contract Termination,3,65,65
Peraton Inc.,2025-09-29,2025-07-02,2026-01-28,"Remote  Remote, NY, 32714",n/a,Layoff,Permanent,Contract Loss,7,1,1
Personio Corp.,2026-01-27,2025-10-29,2026-01-07,"330 W 34th St. 6th Floor New York, NY, 10001",New York,Layoff,Permanent,Economic,23,47,47
"Philippe NYC 1, LLC.",2025-07-07,2025-04-07,2025-05-16,"33 E. 60th Street  New York, NY, 10065",New York,Closure,Permanent,Expiration of Lease,5,64,64
"Pinnacle City Living, LLC.",2025-12-16,2025-09-16,2025-11-06,"28 Lamartine Terrace  Yonkers, NY, 10701",Westchester,Closure,Permanent,Sale of Business,45,3,3
"Pinnacle City Living, LLC.",2025-12-16,2025-09-16,2025-11-06,"35 Claver Place  Brooklyn, NY, 11238",Kings,Closure,Permanent,Sale of Business,25,1,1
"Pinnacle City Living, LLC.",2025-12-16,2025-09-16,2025-11-06,"37 West 8th Street  New York, NY, 10011",New York,Closure,Permanent,Sale of Business,31,1,1
"Pinnacle City Living, LLC.",2025-12-16,2025-09-16,2025-11-06,"50 St. Andrews Place  Yonkers, NY, 10705",Westchester,Closure,Permanent,Sale of Business,46,2,2
"Pinnacle City Living, LLC.",2025-12-16,2025-09-16,2025-11-06,"63 Wall Street  New York, NY, 10005",New York,Closure,Permanent,Sale of Business,32,6,6
"Pinnacle City Living, LLC.",2025-12-16,2025-09-16,2025-11-06,"112 St. Edwards Street  Brooklyn, NY, 11205",Kings,Closure,Permanent,Sale of Business,26,3,3
"Pinnacle City Living, LLC.",2025-12-16,2025-09-16,2025-11-06,"130 West 15th Street  New York, NY, 10011",New York,Closure,Permanent,Sale of Business,33,13,13
"Pinnacle City Living, LLC.",2025-12-16,2025-09-16,2025-11-06,"146 S. 4th Street  Brooklyn, NY, 11211",Kings,Closure,Permanent,Sale of Business,27,1,1
"Pinnacle City Living, LLC.",2025-12-16,2025-09-16,2025-11-06,"153-19 Jamaica Avenue  Queens, NY, 11432",Queens,Closure,Permanent,Sale of Business,42,3,3
"Pinnacle City Living, LLC.",2025-12-16,2025-09-16,2025-11-06,"159 Alaska Street  Staten Island, NY, 10310",Richmond,Closure,Permanent,Sale of Business,43,3,3
"Pinnacle City Living, LLC.",2025-12-16,2025-09-16,2025-11-06,"200 E  87th Street  New York, NY, 10128",New York,Closure,Permanent,Sale of Business,34,13,13
"Pinnacle City Living, LLC.",2025-12-16,2025-09-16,2025-11-06,"200 E. 82nd Street  New York, NY, 10028",New York,Closure,Permanent,Sale of Business,35,3,3
"Pinnacle City Living, LLC.",2025-12-16,2025-09-16,2025-11-06,"200 Montague Street  Brooklyn, NY, 11201",Kings,Closure,Permanent,Sale of Business,28,7,7
"Pinnacle City Living, LLC.",2025-12-16,2025-09-16,2025-11-06,"201 West 81st Street  New York, NY, 10024",New York,Closure,Permanent,Sale of Business,36,1,1
"Pinnacle City Living, LLC.",2025-12-16,2025-09-16,2025-11-06,"210 Broadway  Staten Island, NY, 10310",Richmond,Closure,Permanent,Sale of Business,44,9,9
"Pinnacle City Living, LLC.",2025-12-16,2025-09-16,2025-11-06,"221 Second Avenue  New York, NY, 10003",New York,Closure,Permanent,Sale of Business,37,1,1
"Pinnacle City Living, LLC.",2025-12-16,2025-09-16,2025-11-06,"280 East 161 Street  Bronx, NY, 10451",Bronx,Closure,Permanent,Sale of Business,18,8,8
"Pinnacle City Living, LLC.",2025-12-16,2025-09-16,2025-11-06,"300 Niagara Street  Buffalo, NY, 14201",Erie,Closure,Permanent,Sale of Business,23,3,3
"Pinnacle City Living, LLC.",2025-12-16,2025-09-16,2025-11-06,"321 East 69th Street  New York, NY, 10021",New York,Closure,Permanent,Sale of Business,38,1,1
"Pinnacle City Living, LLC.",2025-12-16,2025-09-16,2025-11-06,"395 Leonard Street  Brooklyn, NY, 11211",Kings,Closure,Permanent,Sale of Business,29,2,2
"Pinnacle City Living, LLC.",2025-12-16,2025-09-16,2025-11-06,"426-428 West 48th Street  New York, NY, 10022",New York,Closure,Permanent,Sale of Business,39,1,1
"Pinnacle City Living, LLC.",2025-12-16,2025-09-16,2025-11-06,"440 Clinton Street  Buffalo, NY, 14204",Erie,Closure,Permanent,Sale of Business,24,5,5
"Pinnacle City Living, LLC.",2025-12-16,2025-09-16,2025-11-06,"707 Concourse Village West  Bronx, NY, 10451",Bronx,Closure,Permanent,Sale of Business,19,5,5
"Pinnacle City Living, LLC.",2025-12-16,2025-09-16,2025-11-06,"972-976 Leggett Avenue  Bronx, NY, 10455",Bronx,Closure,Permanent,Sale of Business,20,1,1
"Pinnacle City Living, LLC.",2025-12-16,2025-09-16,2025-11-06,"1105 Jerome Avenue  Bronx, NY, 10452",Bronx,Closure,Permanent,Sale of Business,21,2,2
"Pinnacle City Living, LLC.",2025-12-16,2025-09-16,2025-11-06,"1201 Broadway  New York, NY, 10001",New York,Closure,Permanent,Sale of Business,40,35,35
"Pinnacle City Living, LLC.",2025-12-16,2025-09-16,2025-11-06,"1290 Avenue of the Americas  New York, NY, 10104",New York,Closure,Permanent,Sale of Business,41,1,1
"Pinnacle City Living, LLC.",2025-12-16,2025-09-16,2025-11-06,"1620 Fulton Street  Brooklyn, NY, 11213",Kings,Closure,Permanent,Sale of Business,30,2,2
"Pinnacle City Living, LLC.",2025-12-16,2025-09-16,2025-11-06,"2363 Southern Blvd  Bronx, NY, 10460",Bronx,Closure,Permanent,Sale of Business,22,2,2
"Pinnacle Northeast Union, LLC",2025-12-16,2025-09-17,2025-09-25,"395 Leonard Street  Brooklyn, NY, 11211",Kings,Closure,Permanent,Sale of Business,49,5,5
"Pinnacle Thermal Solutions, LLC.",2025-02-06,2025-02-06,2025-03-04,"41 Box Street  Brooklyn, NY, 11222",Kings,Closure,Permanent,Economic,252,4,4
PL Developments,2025-11-18,2025-08-18,2025-09-24,"200 Hicks St  Westbury, NY, 11590",Nassau,Layoff,Permanent,Economic,37,94,94
"Plug Power, Inc.",2025-06-23,2025-03-25,2025-07-03,"125 Vista Blvd.  Slingerlands, NY, 12159",Albany,Layoff,Permanent,Economic,50,278,278
"Plug Power, Inc.",2025-06-23,2025-03-25,2025-07-03,"620 Van Patten Drive  Clifton Park, NY, 12065",Saratoga,Layoff,Permanent,Economic,52,2,2
"Plug Power, Inc.",2025-06-23,2025-03-25,2025-07-03,"968 Albany Shaker Rd  Latham, NY, 12110",Albany,Layoff,Permanent,Economic,51,87,87
Poly Craft Industries Corp.,2025-07-31,2025-04-30,2025-09-25,"40 Ranick Road  Hauppauge, NY, 11788",Suffolk,Closure,Permanent,Relocation of Business,6,58,58
Poly Craft Industries Corp.,2025-07-31,2025-04-30,2025-09-25,"65 Commerce Drive  Hauppauge, NY, 11788",Suffolk,Closure,Permanent,Relocation of Business,7,7,7
"Poly-Pak Industries Group, LLC",2025-05-01,2025-01-29,2025-02-06,"125 Spagnoli Road  Melville, NY, 11747",Suffolk,Closure,Permanent,Expiration of Lease,7,146,146
"Premier Home Health Care Services, Inc.",2026-03-03,2025-12-03,2026-03-04,"5 Bryant Park 5th Floor New York, NY, 10018",New York,Layoff,Permanent,Contract Loss,3,75,75
"Presbyterian Home for Central New York, Inc.",2026-01-28,2025-10-28,2025-11-26,"4290 Middle Settlement Road  New Hartford, NY, 13413",Oneida,Closure,Permanent,Economic,27,128,128
"Presto Transport, LLC.",2025-06-06,2025-05-23,2025-06-10,"55-15 Grand Avenue  Maspeth, NY, 11378",Queens,Closure,Permanent,Economic,55,56,56
Preston High School,2025-06-30,2025-03-24,2025-04-30,"2780 Schurz Avenue  Bronx, NY, 10465",Bronx,Closure,Permanent,Economic,238,0,0
Pride Transportation Services Inc.,2025-10-31,2025-10-20,2025-12-10,"80 Edison Avenue  Mt Vernon, NY, 10550",Westchester,Layoff,Permanent,Contract Expiration,11,832,832
Pride Transportation Services Inc.,2025-10-31,2025-10-20,2025-12-10,"612 Wortman Ave  Brooklyn, NY, 11208",Kings,Layoff,Permanent,Contract Expiration,10,885,885
Public Health Solutions,2025-04-06,2025-01-06,2025-01-08,"295 Flatbush Ave Ext  Brooklyn, NY, 11201",Kings,Closure,Permanent,Economic,259,23,23
Public Health Solutions,2025-04-06,2025-01-06,2025-01-08,"1873 Eastern Pkwy  Brooklyn, NY, 11233",Kings,Closure,Permanent,Economic,260,8,8
Publishers Clearing House,2025-04-06,2025-01-15,2026-01-22,"7 West 22nd Street 10th Floor New York, NY, 10010",New York,Layoff,Permanent,Economic,22,21,21
Publishers Clearing House,2025-04-06,2025-01-15,2026-01-22,"300 Jericho Quadrangle Remote employees Jericho, NY, 11753",Nassau,Layoff,Permanent,Economic,21,46,46
Quality Transportation Corporation(Rescission),2025-10-31,2025-10-20,2025-12-22,"400 Stanley Avenue  Brooklyn, NY, 11207",Kings,Layoff,Temporary,Contract Expiration,9,0,0
Quality Transportation Corporation(Rescission),2025-10-31,2025-10-20,2025-12-22,"525 Hutchinson River Parkway  Bronx, NY, 10465",Bronx,Layoff,Temporary,Contract Expiration,8,0,0
QuantumScape Battery Inc.,2025-01-28,2025-01-28,2025-02-04,"One Remote employee  East Hampton, NY, 11937",Suffolk,Layoff,Permanent,Economic,258,1,1
Rapid Armored Corporation,2025-09-12,2025-11-14,2026-01-15,"254 Scholes Street  Brooklyn, NY, 11201",Kings,Closure,Permanent,Bankruptcy,3,58,58
Rapid Armored Corporation,2025-09-12,2025-11-14,2026-01-15,"1165 Montauk Highway  East Patchogue, NY, 11772",Suffolk,Closure,Permanent,Bankruptcy,4,10,10
"Rapid Reliable Care by DocGo, LLC",2025-03-08,2025-03-14,2025-05-09,"45 E 45th St  New York, NY, 10017",New York,Closure,Permanent,Contract Termination,27,52,52
"Rapid Reliable Care by DocGo, LLC",2025-03-08,2025-02-27,2025-05-09,"47 Hall Street  Brooklyn, NY, 11205",Kings,Closure,Permanent,Contract Termination,28,183,183
"Rapid Reliable Care by DocGo, LLC",2025-03-08,2025-03-25,2025-05-09,"47-11 Austell Place Austell Place Humanitarian Emergency Response and Relief Center Long Island City, NY, 11101",Queens,Closure,Permanent,Contract Termination,26,6,6
"Rapid Reliable Care by DocGo, LLC",2025-03-08,2025-02-27,2025-05-09,"220 W 42nd St  New York, NY, 10036",New York,Closure,Permanent,Contract Termination,29,45,45
"Rapid Reliable Care by DocGo, LLC",2025-03-08,2025-02-27,2025-05-09,"371 Seventh Ave  New York, NY, 10001",New York,Closure,Permanent,Contract Termination,30,43,43
"Rapid Reliable Care by DocGo, LLC",2025-03-08,2025-02-27,2025-05-09,"440 W 57th Street  New York, NY, 10019",New York,Closure,Permanent,Contract Termination,31,37,37
"Rapid Reliable Care by DocGo, LLC",2025-03-08,2025-03-25,2025-05-09,"455 Jefferson Street Jefferson Humanitarian Emergency Response and Relief Center Brooklyn, NY, 11237",Kings,Closure,Permanent,Contract Termination,25,4,4
"Rapid Reliable Care by DocGo, LLC",2025-03-08,2025-03-25,2025-05-09,"825 E 141 St Bruckner Humanitarian Emergency Response and Relief Center Bronx, NY, 10454",Bronx,Closure,Permanent,Contract Termination,24,12,12
RCA Servicer at Westfield,2025-10-20,2025-08-25,2025-09-08,"26 Cass St.  Westfield, NY, 14787",Chautauqua,Closure,Permanent,Expiration of Lease,3,93,93
"Red Clam, LLC.",2025-09-23,2025-06-20,2025-06-26,"170 Thompson St  New York, NY, 10012",New York,Closure,Permanent,Economic,53,33,33
Restaurant Associates,2025-09-29,2025-07-08,2025-08-14,"388 Greenwich Street  New York, NY, 10013",New York,Closure,Permanent,Contract Loss,59,79,79
Revel Leasing Corp.,2025-08-22,2025-08-11,2025-09-30,"35 Bowne St.  Brooklyn, NY, 11231",Kings,Closure,Permanent,Other,18,4,4
Revel Leasing Corp.,2025-08-22,2025-08-11,2025-09-30,"42-09 28th St.  Queens, NY, 11101",Queens,Closure,Permanent,Other,20,12,12
Revel Leasing Corp.,2025-08-22,2025-08-11,2025-09-30,"467 Marcy Avenue  Brooklyn, NY, 11206",Kings,Closure,Permanent,Other,19,19,19
Revel Transit Inc.,2025-08-22,2025-08-11,2025-09-25,"273 S 5th St. Suite 301  Brooklyn, NY, 11211",Kings,Layoff,Permanent,Other,22,29,29
Rite Aid,2025-06-04,2025-05-05,2025-05-23,"1 Crum Elbow Road  Hyde Park, NY, 12538",Dutchess,Closure,Permanent,Economic,83,14,14
Rite Aid,2025-06-04,2025-05-05,2025-05-23,"9 Broad Street  Salamanca, NY, 14779",Cattaraugus,Closure,Permanent,Economic,68,13,13
Rite Aid,2025-06-04,2025-05-05,2025-05-23,"18 Indian Head Road  Kings Park, NY, 11754",Suffolk,Closure,Permanent,Economic,220,11,11
Rite Aid,2025-06-04,2025-05-05,2025-05-23,"21-25  Broadway  Long Island City, NY, 11106",Queens,Closure,Permanent,Economic,198,16,16
Rite Aid,2025-06-04,2025-05-05,2025-05-23,"21B Knolls Crescent  Bronx, NY, 10463",Bronx,Closure,Permanent,Economic,62,9,9
Rite Aid,2025-06-04,2025-05-05,2025-05-23,"23 Eastport Manor Road  Eastport, NY, 11941",Suffolk,Closure,Permanent,Economic,221,9,9
Rite Aid,2025-06-04,2025-05-05,2025-05-23,"33-01 30Th Avenue  Astoria, NY, 11103",Queens,Closure,Permanent,Economic,199,22,22
Rite Aid,2025-06-04,2025-05-05,2025-05-23,"40 South Erie Street  Mayville, NY, 14757",Chautauqua,Closure,Permanent,Economic,72,7,7
Rite Aid,2025-06-04,2025-05-05,2025-05-23,"40 West Main Street  Springville, NY, 14141",Erie,Closure,Permanent,Economic,89,9,9
Rite Aid,2025-06-04,2025-05-05,2025-05-23,"43-20 Bell Blvd.  Bayside, NY, 11361",Queens,Closure,Permanent,Economic,200,17,17
Rite Aid,2025-06-04,2025-05-05,2025-05-23,"43-68 Amboy Road  Staten Island, NY, 10312",Richmond,Closure,Permanent,Economic,213,12,12
Rite Aid,2025-06-04,2025-05-05,2025-05-23,"46 Kellogg Road  New Hartford, NY, 13413",Oneida,Closure,Permanent,Economic,176,10,10
Rite Aid,2025-06-04,2025-05-05,2025-05-23,"50 East Montauk Highway  Hampton Bays, NY, 11946",Suffolk,Closure,Permanent,Economic,222,14,14
Rite Aid,2025-06-04,2025-05-05,2025-05-23,"50 Great Neck Road  Great Neck, NY, 11021",Nassau,Closure,Permanent,Economic,155,12,12
Rite Aid,2025-06-04,2025-05-05,2025-05-23,"50 South Main Street  Jamestown, NY, 14701",Chautauqua,Closure,Permanent,Economic,73,17,17
Rite Aid,2025-06-04,2025-05-05,2025-05-23,"50-15 Roosevelt Avenue  Woodside, NY, 11377",Queens,Closure,Permanent,Economic,201,13,13
Rite Aid,2025-06-04,2025-05-05,2025-05-23,"60 Central Avenue  Lancaster, NY, 14086",Erie,Closure,Permanent,Economic,90,15,15
Rite Aid,2025-06-04,2025-05-05,2025-05-23,"60-26 Woodside Avenue  Woodside, NY, 11377",Queens,Closure,Permanent,Economic,202,14,14
Rite Aid,2025-06-04,2025-05-05,2025-05-23,"81 1st Avenue  New York, NY, 10003",New York,Closure,Permanent,Economic,161,15,15
Rite Aid,2025-06-04,2025-05-05,2025-05-23,"81 West Main Street  Gowanda, NY, 14070",Cattaraugus,Closure,Permanent,Economic,69,10,10
Rite Aid,2025-06-04,2025-05-05,2025-05-23,"82 Nugent Street  Southampton, NY, 11968",Suffolk,Closure,Permanent,Economic,223,9,9
Rite Aid,2025-06-04,2025-05-05,2025-05-23,"83 Vandenburgh Ave  Troy, NY, 12180",Rensselaer,Closure,Permanent,Economic,211,12,12
Rite Aid,2025-06-04,2025-05-05,2025-05-23,"85-10 Northern Boulevard  Jackson Heights, NY, 11372",Queens,Closure,Permanent,Economic,203,13,13
Rite Aid,2025-06-04,2025-05-05,2025-05-23,"100 Conhocton St  Corning, NY, 14830",Steuben,Closure,Permanent,Economic,218,11,11
Rite Aid,2025-06-04,2025-05-05,2025-05-23,"101 South  Main Street  Newark, NY, 14513",Wayne,Closure,Permanent,Economic,234,9,9
Rite Aid,2025-06-04,2025-05-05,2025-05-23,"102-30  Atlantic Avenue  Ozone Park, NY, 11416",Queens,Closure,Permanent,Economic,204,16,16
Rite Aid,2025-06-04,2025-05-05,2025-05-23,"103 Hawkins Drive  Montgomery, NY, 12549",Orange,Closure,Permanent,Economic,190,8,8
Rite Aid,2025-06-04,2025-05-05,2025-05-23,"109-07 101St Avenue  Jamaica, NY, 11419",Queens,Closure,Permanent,Economic,205,16,16
Rite Aid,2025-06-04,2025-05-05,2025-05-23,"113 Downer Street  Baldwinsville, NY, 13027",Onondaga,Closure,Permanent,Economic,181,12,12
Rite Aid,2025-06-04,2025-05-05,2025-05-23,"122-02 Liberty Avenue  South Richmond Hill, NY, 11419",Queens,Closure,Permanent,Economic,206,16,16
Rite Aid,2025-06-04,2025-05-05,2025-05-23,"124 Ridge Street  Glens Falls, NY, 12801",Warren,Closure,Permanent,Economic,233,11,11
Rite Aid,2025-06-04,2025-05-05,2025-05-23,"125 South Transit Street  Lockport, NY, 14094",Niagara,Closure,Permanent,Economic,164,12,12
Rite Aid,2025-06-04,2025-05-05,2025-05-23,"130 Washburn Street  Lockport, NY, 14094",Niagara,Closure,Permanent,Economic,165,8,8
Rite Aid,2025-06-04,2025-05-05,2025-05-23,"133 Route 303  Valley Cottage, NY, 10989",Rockland,Closure,Permanent,Economic,214,12,12
Rite Aid,2025-06-04,2025-05-05,2025-05-23,"138 Elm Street  Penn Yan, NY, 14527",Yates,Closure,Permanent,Economic,237,10,10
Rite Aid,2025-06-04,2025-05-05,2025-05-23,"140 Pine Street  Hamburg, NY, 14075",Erie,Closure,Permanent,Economic,91,12,12
Rite Aid,2025-06-04,2025-05-05,2025-05-23,"141 Oriskany Boulevard  Whitesboro, NY, 13492",Oneida,Closure,Permanent,Economic,177,10,10
Rite Aid,2025-06-04,2025-05-05,2025-05-23,"149 Market Street  Amsterdam, NY, 12010",Montgomery,Closure,Permanent,Economic,154,10,10
Rite Aid,2025-06-04,2025-05-05,2025-05-23,"153 Prospect Street  Attica, NY, 14011",Wyoming,Closure,Permanent,Economic,236,10,10
Rite Aid,2025-06-04,2025-05-05,2025-05-23,"158-02 Union Turnpike  Flushing, NY, 11366",Queens,Closure,Permanent,Economic,207,19,19
Rite Aid,2025-06-04,2025-05-05,2025-05-23,"159 Route 6  Mahopac, NY, 10541",Putnam,Closure,Permanent,Economic,194,9,9
Rite Aid,2025-06-04,2025-05-05,2025-05-23,"165-02 Baisley Boulevard  Jamaica, NY, 11434",Queens,Closure,Permanent,Economic,208,14,14
Rite Aid,2025-06-04,2025-05-05,2025-05-23,"168 North Village Avenue  Rockville Centre, NY, 11570",Nassau,Closure,Permanent,Economic,156,10,10
Rite Aid,2025-06-04,2025-05-05,2025-05-23,"170 Eastern Blvd.  Canandaigua, NY, 14424",Ontario,Closure,Permanent,Economic,187,8,8
Rite Aid,2025-06-04,2025-05-05,2025-05-23,"172 North Main Street  Gloversville, NY, 12078",Genesee,Closure,Permanent,Economic,135,8,8
Rite Aid,2025-06-04,2025-05-05,2025-05-23,"180 Route 52  Carmel, NY, 10512",Putnam,Closure,Permanent,Economic,195,11,11
Rite Aid,2025-06-04,2025-05-05,2025-05-23,"190 Main Street  East Aurora, NY, 14052",Erie,Closure,Permanent,Economic,92,11,11
Rite Aid,2025-06-04,2025-05-05,2025-05-23,"201 Conklin Avenue  Binghamton, NY, 13903",Broome,Closure,Permanent,Economic,66,8,8
Rite Aid,2025-06-04,2025-05-05,2025-05-23,"209 Mount Zoar Street  Elmira, NY, 14904",Chemung,Closure,Permanent,Economic,78,10,10
Rite Aid,2025-06-04,2025-05-05,2025-05-23,"210 Post Avenue  Westbury, NY, 11590",Nassau,Closure,Permanent,Economic,157,17,17
Rite Aid,2025-06-04,2025-05-05,2025-05-23,"214 Central Avenue  Silver Creek, NY, 14136",Chautauqua,Closure,Permanent,Economic,74,10,10
Rite Aid,2025-06-04,2025-05-05,2025-05-23,"229 Independence Plaza  Selden, NY, 11784",Suffolk,Closure,Permanent,Economic,224,8,8
Rite Aid,2025-06-04,2025-05-05,2025-05-23,"238 Hooker Avenue  Poughkeepsie, NY, 12603",Dutchess,Closure,Permanent,Economic,84,15,15
Rite Aid,2025-06-04,2025-05-05,2025-05-23,"245-14 Francis Lewis Blvd  Rosedale, NY, 11422",Queens,Closure,Permanent,Economic,209,19,19
Rite Aid,2025-06-04,2025-05-05,2025-05-23,"265 North Union Street  Olean, NY, 14760",Cattaraugus,Closure,Permanent,Economic,70,13,13
Rite Aid,2025-06-04,2025-05-05,2025-05-23,"272 Hoosick Street  Troy, NY, 12180",Rensselaer,Closure,Permanent,Economic,212,9,9
Rite Aid,2025-06-04,2025-05-05,2025-05-23,"284 Connecticut Street  Buffalo, NY, 14213",Erie,Closure,Permanent,Economic,93,11,11
Rite Aid,2025-06-04,2025-05-05,2025-05-23,"320 Main Street  Beacon, NY, 12508",Dutchess,Closure,Permanent,Economic,85,9,9
Rite Aid,2025-06-04,2025-05-05,2025-05-23,"320 Smith Street  Brooklyn, NY, 11231",Kings,Closure,Permanent,Economic,138,16,16
Rite Aid,2025-06-04,2025-05-05,2025-05-23,"338 West Washington Street  Bath, NY, 14810",Steuben,Closure,Permanent,Economic,219,14,14
Rite Aid,2025-06-04,2025-05-05,2025-05-23,"343 Meadow Drive  North Tonawanda, NY, 14120",Niagara,Closure,Permanent,Economic,166,7,7
Rite Aid,2025-06-04,2025-05-05,2025-05-23,"350 Niagara Street  Buffalo, NY, 14201",Erie,Closure,Permanent,Economic,94,16,16
Rite Aid,2025-06-04,2025-05-05,2025-05-23,"391 West Main Street  Huntington, NY, 11743",Suffolk,Closure,Permanent,Economic,225,14,14
Rite Aid,2025-06-04,2025-05-05,2025-05-23,"400 Chestnut Street  Oneonta, NY, 13820",Otsego,Closure,Permanent,Economic,193,13,13
Rite Aid,2025-06-04,2025-05-05,2025-05-23,"405 Erie Boulevard West  Rome, NY, 13440",Oneida,Closure,Permanent,Economic,178,15,15
Rite Aid,2025-06-04,2025-05-05,2025-05-23,"419 Division Street  North Tonawanda, NY, 14120",Niagara,Closure,Permanent,Economic,167,13,13
Rite Aid,2025-06-04,2025-05-05,2025-05-23,"420 Hamilton Street  Geneva, NY, 14456",Ontario,Closure,Permanent,Economic,188,11,11
Rite Aid,2025-06-04,2025-05-05,2025-05-23,"424 Elmwood Ave.  Buffalo, NY, 14222",Erie,Closure,Permanent,Economic,95,7,7
Rite Aid,2025-06-04,2025-05-05,2025-05-23,"476 William Street  Buffalo, NY, 14206",Erie,Closure,Permanent,Economic,96,14,14
Rite Aid,2025-06-04,2025-05-05,2025-05-23,"480 Evans Road  Williamsville, NY, 14221",Erie,Closure,Permanent,Economic,97,9,9
Rite Aid,2025-06-04,2025-05-05,2025-05-23,"485 Broadway  Kingston, NY, 12401",Ulster,Closure,Permanent,Economic,232,12,12
Rite Aid,2025-06-04,2025-05-05,2025-05-23,"511 Hooper Road  Endwell, NY, 13760",Broome,Closure,Permanent,Economic,67,6,6
Rite Aid,2025-06-04,2025-05-05,2025-05-23,"519 Butternut Street  Syracuse, NY, 13208",Onondaga,Closure,Permanent,Economic,182,20,20
Rite Aid,2025-06-04,2025-05-05,2025-05-23,"532A Union Blvd.  West Islip, NY, 11795",Suffolk,Closure,Permanent,Economic,226,16,16
Rite Aid,2025-06-04,2025-05-05,2025-05-23,"534 Hudson Street  New York, NY, 10014",New York,Closure,Permanent,Economic,162,19,19
Rite Aid,2025-06-04,2025-05-05,2025-05-23,"539 North Main Street  Canandaigua, NY, 14424",Ontario,Closure,Permanent,Economic,189,13,13
Rite Aid,2025-06-04,2025-05-05,2025-05-23,"600 North Wellwood Avenue  Lindenhurst, NY, 11757",Suffolk,Closure,Permanent,Economic,227,15,15
Rite Aid,2025-06-04,2025-05-05,2025-05-23,"601 E. Main Street  Batavia, NY, 14020",Genesee,Closure,Permanent,Economic,136,10,10
Rite Aid,2025-06-04,2025-05-05,2025-05-23,"605 Titus Avenue  Rochester, NY, 14617",Monroe,Closure,Permanent,Economic,150,10,10
Rite Aid,2025-06-04,2025-05-05,2025-05-23,"654 Colvin Avenue  Kenmore, NY, 14217",Erie,Closure,Permanent,Economic,98,13,13
Rite Aid,2025-06-04,2025-05-05,2025-05-23,"657 Broadway  Newburgh, NY, 12550",Orange,Closure,Permanent,Economic,191,15,15
Rite Aid,2025-06-04,2025-05-05,2025-05-23,"701 Route 211 East  Middletown, NY, 10941",Orange,Closure,Permanent,Economic,192,10,10
Rite Aid,2025-06-04,2025-05-05,2025-05-23,"731 Center Street  Lewiston, NY, 14092",Niagara,Closure,Permanent,Economic,168,7,7
Rite Aid,2025-06-04,2025-05-05,2025-05-23,"783 Manhattan Avenue  Brooklyn, NY, 11222",Kings,Closure,Permanent,Economic,139,12,12
Rite Aid,2025-06-04,2025-05-05,2025-05-23,"789 Tonawanda Street  Buffalo, NY, 14207",Erie,Closure,Permanent,Economic,99,13,13
Rite Aid,2025-06-04,2025-05-05,2025-05-23,"798 Harlem Road  West Seneca, NY, 14224",Erie,Closure,Permanent,Economic,100,11,11
Rite Aid,2025-06-04,2025-05-05,2025-05-23,"803 Montauk Hwy Unit D  Shirley, NY, 11967",Suffolk,Closure,Permanent,Economic,228,11,11
Rite Aid,2025-06-04,2025-05-05,2025-05-23,"804 Route 82  Hopewell Junction, NY, 12533",Dutchess,Closure,Permanent,Economic,86,10,10
Rite Aid,2025-06-04,2025-05-05,2025-05-23,"845 Abbott Road  Buffalo, NY, 14220",Erie,Closure,Permanent,Economic,101,9,9
Rite Aid,2025-06-04,2025-05-05,2025-05-23,"864 Middle Country Road  Middle Island, NY, 11953",Suffolk,Closure,Permanent,Economic,229,10,10
Rite Aid,2025-06-04,2025-05-05,2025-05-23,"871 Saw Mill River Road  Ardsley, NY, 10502",Westchester,Closure,Permanent,Economic,235,10,10
Rite Aid,2025-06-04,2025-05-05,2025-05-23,"950-960 Southern Boulevard  Bronx, NY, 10459",Bronx,Closure,Permanent,Economic,63,21,21
Rite Aid,2025-06-04,2025-05-05,2025-05-23,"961 Port Washington Blvd.  Port Washington, NY, 11050",Nassau,Closure,Permanent,Economic,158,16,16
Rite Aid,2025-06-04,2025-05-05,2025-05-23,"963 Fairmount Avenue West  Jamestown, NY, 14701",Chautauqua,Closure,Permanent,Economic,75,9,9
Rite Aid,2025-06-04,2025-05-05,2025-05-23,"1000 North Clinton Avenue  Rochester, NY, 14621",Monroe,Closure,Permanent,Economic,151,12,12
Rite Aid,2025-06-04,2025-05-05,2025-05-23,"1000 Pennsylvania Avenue  Elmira, NY, 14904",Chemung,Closure,Permanent,Economic,79,10,10
Rite Aid,2025-06-04,2025-05-05,2025-05-23,"1030 Pine Avenue  Niagara Falls, NY, 14301",Niagara,Closure,Permanent,Economic,169,16,16
Rite Aid,2025-06-04,2025-05-05,2025-05-23,"1067 State Route 222  Cortland, NY, 13045",Cortland,Closure,Permanent,Economic,82,15,15
Rite Aid,2025-06-04,2025-05-05,2025-05-23,"1070 Genesee Street  Buffalo, NY, 14211",Erie,Closure,Permanent,Economic,102,11,11
Rite Aid,2025-06-04,2025-05-05,2025-05-23,"1166 Central Avenue  Dunkirk, NY, 14048",Chautauqua,Closure,Permanent,Economic,76,10,10
Rite Aid,2025-06-04,2025-05-05,2025-05-23,"1200 Deer Park Avenue  North Babylon, NY, 11703",Suffolk,Closure,Permanent,Economic,230,11,11
Rite Aid,2025-06-04,2025-05-05,2025-05-23,"1224 East Lovejoy Street  Buffalo, NY, 14206",Erie,Closure,Permanent,Economic,103,7,7
Rite Aid,2025-06-04,2025-05-05,2025-05-23,"1225 Western Avenue  Albany, NY, 12203",Albany,Closure,Permanent,Economic,60,16,16
Rite Aid,2025-06-04,2025-05-05,2025-05-23,"1410 Delaware Avenue  Buffalo, NY, 14209",Erie,Closure,Permanent,Economic,104,13,13
Rite Aid,2025-06-04,2025-05-05,2025-05-23,"1454 Union Road  West Seneca, NY, 14224",Erie,Closure,Permanent,Economic,105,8,8
Rite Aid,2025-06-04,2025-05-05,2025-05-23,"1483 Route 9  Clifton Park, NY, 12065",Saratoga,Closure,Permanent,Economic,215,8,8
Rite Aid,2025-06-04,2025-05-05,2025-05-23,"1511 Route 22 Suite A  Brewster, NY, 10509",Putnam,Closure,Permanent,Economic,196,11,11
Rite Aid,2025-06-04,2025-05-05,2025-05-23,"1604 Route 9  Wappingers Falls, NY, 12590",Dutchess,Closure,Permanent,Economic,87,9,9
Rite Aid,2025-06-04,2025-05-05,2025-05-23,"1631-43 Pitkin Avenue  Brooklyn, NY, 11212",Kings,Closure,Permanent,Economic,140,17,17
Rite Aid,2025-06-04,2025-05-05,2025-05-23,"1640 Hopkins Road  Williamsville, NY, 14221",Erie,Closure,Permanent,Economic,106,14,14
Rite Aid,2025-06-04,2025-05-05,2025-05-23,"1679 Bedford Avenue  Brooklyn, NY, 11225",Kings,Closure,Permanent,Economic,141,12,12
Rite Aid,2025-06-04,2025-05-05,2025-05-23,"1701 Route 9  Clifton Park, NY, 12065",Saratoga,Closure,Permanent,Economic,216,10,10
Rite Aid,2025-06-04,2025-05-05,2025-05-23,"1792 North Goodman Street  Rochester, NY, 14609",Monroe,Closure,Permanent,Economic,152,14,14
Rite Aid,2025-06-04,2025-05-05,2025-05-23,"1820 Teall Ave  Syracuse, NY, 13206",Onondaga,Closure,Permanent,Economic,183,10,10
Rite Aid,2025-06-04,2025-05-05,2025-05-23,"1863 Central Avenue  Colonie, NY, 12205",Albany,Closure,Permanent,Economic,61,11,11
Rite Aid,2025-06-04,2025-05-05,2025-05-23,"1896 Route 6  Carmel, NY, 10512",Putnam,Closure,Permanent,Economic,197,7,7
Rite Aid,2025-06-04,2025-05-05,2025-05-23,"1924 Genesee Street  Utica, NY, 13502",Oneida,Closure,Permanent,Economic,179,12,12
Rite Aid,2025-06-04,2025-05-05,2025-05-23,"1941 Seneca Street  Buffalo, NY, 14210",Erie,Closure,Permanent,Economic,107,10,10
Rite Aid,2025-06-04,2025-05-05,2025-05-23,"1950 Fulton Street  Brooklyn, NY, 11233",Kings,Closure,Permanent,Economic,142,19,19
Rite Aid,2025-06-04,2025-05-05,2025-05-23,"2063 Bartow Avenue  Bronx, NY, 10475",Bronx,Closure,Permanent,Economic,64,14,14
Rite Aid,2025-06-04,2025-05-05,2025-05-23,"2064 Mill Avenue  Brooklyn, NY, 11234",Kings,Closure,Permanent,Economic,143,16,16
Rite Aid,2025-06-04,2025-05-05,2025-05-23,"2144 Grand Central Avenue  Horseheads, NY, 14845",Chemung,Closure,Permanent,Economic,80,11,11
Rite Aid,2025-06-04,2025-05-05,2025-05-23,"2175 South Park Avenue  Buffalo, NY, 14220",Erie,Closure,Permanent,Economic,108,7,7
Rite Aid,2025-06-04,2025-05-05,2025-05-23,"2260 Jerusalem Avenue  North Bellmore, NY, 11710",Nassau,Closure,Permanent,Economic,159,14,14
Rite Aid,2025-06-04,2025-05-05,2025-05-23,"2315 William Street  Buffalo, NY, 14206",Erie,Closure,Permanent,Economic,109,10,10
Rite Aid,2025-06-04,2025-05-05,2025-05-23,"2325 Grand Island Blvd.  Grand Island, NY, 14072",Erie,Closure,Permanent,Economic,110,12,12
Rite Aid,2025-06-04,2025-05-05,2025-05-23,"2330 Niagara Falls Blvd.  Tonawanda, NY, 14150",Erie,Closure,Permanent,Economic,111,13,13
Rite Aid,2025-06-04,2025-05-05,2025-05-23,"2401 Genesee Street  Cheektowaga, NY, 14225",Erie,Closure,Permanent,Economic,112,15,15
Rite Aid,2025-06-04,2025-05-05,2025-05-23,"2545 Millersport Highway  Getzville, NY, 14068",Erie,Closure,Permanent,Economic,113,8,8
Rite Aid,2025-06-04,2025-05-05,2025-05-23,"2561 Union Road  Cheektowaga, NY, 14227",Erie,Closure,Permanent,Economic,114,12,12
Rite Aid,2025-06-04,2025-05-05,2025-05-23,"2585 Main Street  Buffalo, NY, 14214",Erie,Closure,Permanent,Economic,115,7,7
Rite Aid,2025-06-04,2025-05-05,2025-05-23,"2865 Elmwood Avenue  Kenmore, NY, 14217",Erie,Closure,Permanent,Economic,116,12,12
Rite Aid,2025-06-04,2025-05-05,2025-05-23,"2898 Westinghouse Road  Horseheads, NY, 14845",Chemung,Closure,Permanent,Economic,81,7,7
Rite Aid,2025-06-04,2025-05-05,2025-05-23,"3027 Route 50  Saratoga Springs, NY, 12866",Saratoga,Closure,Permanent,Economic,217,10,10
Rite Aid,2025-06-04,2025-05-05,2025-05-23,"3050 Union Road  Orchard Park, NY, 14127",Erie,Closure,Permanent,Economic,117,21,21
Rite Aid,2025-06-04,2025-05-05,2025-05-23,"3071-3085 South Park Avenue  Lackawanna, NY, 14218",Erie,Closure,Permanent,Economic,118,12,12
Rite Aid,2025-06-04,2025-05-05,2025-05-23,"3350 North Road  Poughkeepsie, NY, 12601",Dutchess,Closure,Permanent,Economic,88,10,10
Rite Aid,2025-06-04,2025-05-05,2025-05-23,"3636 Ransomville Road  Ransomville, NY, 14131",Niagara,Closure,Permanent,Economic,170,7,7
Rite Aid,2025-06-04,2025-05-05,2025-05-23,"3700-06 Junction Boulevard  Flushing, NY, 11368",Queens,Closure,Permanent,Economic,210,11,11
Rite Aid,2025-06-04,2025-05-05,2025-05-23,"3795 East Main Road  Fredonia, NY, 14063",Chautauqua,Closure,Permanent,Economic,77,10,10
Rite Aid,2025-06-04,2025-05-05,2025-05-23,"3823 Nostrand Avenue  Brooklyn, NY, 11235",Kings,Closure,Permanent,Economic,144,18,18
Rite Aid,2025-06-04,2025-05-05,2025-05-23,"3924 Harlem Road  Amherst, NY, 14226",Erie,Closure,Permanent,Economic,119,10,10
Rite Aid,2025-06-04,2025-05-05,2025-05-23,"3950 Union Road  Cheektowaga, NY, 14225",Erie,Closure,Permanent,Economic,120,13,13
Rite Aid,2025-06-04,2025-05-05,2025-05-23,"3987 Lockport Olcott Road  Lockport, NY, 14094",Niagara,Closure,Permanent,Economic,171,15,15
Rite Aid,2025-06-04,2025-05-05,2025-05-23,"4018 Seneca Street  West Seneca, NY, 14224",Erie,Closure,Permanent,Economic,121,10,10
Rite Aid,2025-06-04,2025-05-05,2025-05-23,"4046 Broadway  New York, NY, 10032",New York,Closure,Permanent,Economic,163,26,26
Rite Aid,2025-06-04,2025-05-05,2025-05-23,"4060 North Buffalo Street  Orchard Park, NY, 14127",Erie,Closure,Permanent,Economic,122,9,9
Rite Aid,2025-06-04,2025-05-05,2025-05-23,"4155 West Main Street  Batavia, NY, 14020",Genesee,Closure,Permanent,Economic,137,12,12
Rite Aid,2025-06-04,2025-05-05,2025-05-23,"4159 White Plains Road  Bronx, NY, 10466",Bronx,Closure,Permanent,Economic,65,22,22
Rite Aid,2025-06-04,2025-05-05,2025-05-23,"4374 Buffalo Road  North Chili, NY, 14514",Monroe,Closure,Permanent,Economic,153,9,9
Rite Aid,2025-06-04,2025-05-05,2025-05-23,"4407 Military Road  Niagara Falls, NY, 14305",Niagara,Closure,Permanent,Economic,172,10,10
Rite Aid,2025-06-04,2025-05-05,2025-05-23,"4854 Commercial Drive  New Hartford, NY, 13413",Oneida,Closure,Permanent,Economic,180,9,9
Rite Aid,2025-06-04,2025-05-05,2025-05-23,"4937 Transit Road  Depew, NY, 14043",Erie,Closure,Permanent,Economic,123,9,9
Rite Aid,2025-06-04,2025-05-05,2025-05-23,"5125 Merrick Road  Massapequa Park, NY, 11762",Nassau,Closure,Permanent,Economic,160,10,10
Rite Aid,2025-06-04,2025-05-05,2025-05-23,"5224 Fifth Avenue  Brooklyn, NY, 11220",Kings,Closure,Permanent,Economic,145,16,16
Rite Aid,2025-06-04,2025-05-05,2025-05-23,"5335 West Genesee St Ste 20  Camillus, NY, 13031",Onondaga,Closure,Permanent,Economic,184,6,6
Rite Aid,2025-06-04,2025-05-05,2025-05-23,"5380 West Taft Road  North Syracuse, NY, 13212",Onondaga,Closure,Permanent,Economic,185,10,10
Rite Aid,2025-06-04,2025-05-05,2025-05-23,"5447 Main Street  Williamsville, NY, 14221",Erie,Closure,Permanent,Economic,124,8,8
Rite Aid,2025-06-04,2025-05-05,2025-05-23,"5507 Nesconset Hwy Ste 100  Mount Sinai, NY, 11766",Suffolk,Closure,Permanent,Economic,231,11,11
Rite Aid,2025-06-04,2025-05-05,2025-05-23,"5999 South Park Avenue  Hamburg, NY, 14075",Erie,Closure,Permanent,Economic,125,7,7
Rite Aid,2025-06-04,2025-05-05,2025-05-23,"6000 Transit Road  Depew, NY, 14043",Erie,Closure,Permanent,Economic,126,6,6
Rite Aid,2025-06-04,2025-05-05,2025-05-23,"6423 Fort Hamilton Pkwy.  Brooklyn, NY, 11219",Kings,Closure,Permanent,Economic,146,15,15
Rite Aid,2025-06-04,2025-05-05,2025-05-23,"6616 Lincoln Avenue  Lockport, NY, 14094",Niagara,Closure,Permanent,Economic,173,12,12
Rite Aid,2025-06-04,2025-05-05,2025-05-23,"6900 4th Avenue  Brooklyn, NY, 11209",Kings,Closure,Permanent,Economic,147,10,10
Rite Aid,2025-06-04,2025-05-05,2025-05-23,"6939 Erie Road  Derby, NY, 14047",Erie,Closure,Permanent,Economic,127,12,12
Rite Aid,2025-06-04,2025-05-05,2025-05-23,"7118 3rd Avenue  Brooklyn, NY, 11209",Kings,Closure,Permanent,Economic,148,16,16
Rite Aid,2025-06-04,2025-05-05,2025-05-23,"7245 Henry Clay Blvd  Liverpool, NY, 13088",Onondaga,Closure,Permanent,Economic,186,22,22
Rite Aid,2025-06-04,2025-05-05,2025-05-23,"7804 Buffalo Avenue  Niagara Falls, NY, 14304",Niagara,Closure,Permanent,Economic,174,8,8
Rite Aid,2025-06-04,2025-05-05,2025-05-23,"8015 Niagara Falls Boulevard  Niagara Falls, NY, 14304",Niagara,Closure,Permanent,Economic,175,11,11
Rite Aid,2025-06-04,2025-05-05,2025-05-23,"8079 North Main Street  Eden, NY, 14057",Erie,Closure,Permanent,Economic,128,7,7
Rite Aid,2025-06-04,2025-05-05,2025-05-23,"8530 Transit Rd  Amherst, NY, 14221",Erie,Closure,Permanent,Economic,129,10,10
Rite Aid,2025-06-04,2025-05-05,2025-05-23,"9062 Erie Road  Angola, NY, 14006",Erie,Closure,Permanent,Economic,130,11,11
Rite Aid,2025-06-04,2025-05-05,2025-05-23,"9160 Main Street  Clarence, NY, 14031",Erie,Closure,Permanent,Economic,131,12,12
Rite Aid,2025-06-04,2025-05-05,2025-05-23,"9302 3rd Avenue  Brooklyn, NY, 11209",Kings,Closure,Permanent,Economic,149,16,16
Rite Aid,2025-06-04,2025-05-05,2025-05-23,"12208 N.Y. State Route 16  Yorkshire, NY, 14173",Cattaraugus,Closure,Permanent,Economic,71,12,12
Rite Aid,2025-06-04,2025-05-05,2025-05-23,"12983 Main Road  Akron, NY, 14001",Erie,Closure,Permanent,Economic,132,16,16
Rite Aid,2025-06-04,2025-05-05,2025-05-23,"13090 Broadway Road  Alden, NY, 14004",Erie,Closure,Permanent,Economic,133,13,13
Rite Aid,2025-06-04,2025-05-05,2025-05-23,"Del-Ton Plaza  Tonawanda, NY, 14150",Erie,Closure,Permanent,Economic,134,13,13
"Saks & Company, LLC.",2025-12-31,2025-09-10,2025-09-19,"125 East 57th Street  New York, NY, 10022",New York,Closure,Permanent,Other,23,33,33
"SDH Education West, LLC",2025-06-04,2025-04-10,2025-04-17,"2900 Purchase St.  Purchase, NY, 10577",Westchester,Layoff,Permanent,Contract Loss,63,40,40
"SDH Education West, LLC d/b/a Sodexo - Univ at Albany Campus",2026-01-05,2025-10-07,2025-11-21,"1400 Washington Ave  Albany, NY, 12222",Albany,Closure,Permanent,Contract Termination,8,179,179
"Securitech Group, Inc.",2025-10-10,2025-07-02,2025-09-15,"54-60 46th St,  Maspeth, NY, 11378",Queens,Closure,Permanent,Relocation of Business,8,43,43
"Semikron Danfoss, LLC.",2025-06-19,2025-06-18,2026-02-03,"330 Technology Drive  Marcy, NY, 13502",Oneida,Layoff,Permanent,Other,7,117,117
"Serta Simmons Bedding, LLC.",2025-12-02,2025-09-03,2025-09-19,"2375 Parkway Drive  Jamestown, NY, 14701",Chautauqua,Closure,Permanent,Economic,39,83,83
"Sky Projects by Rhubarb, LLC.",2025-04-30,2025-04-25,2025-04-30,"30 Hudson Yards  New York, NY, 10001",New York,Closure,Permanent,Contract Termination,32,228,228
"Smart Pick, Inc.",2025-10-31,2025-10-20,2025-12-12,"231 Cropsey Aven  Brooklyn, NY, 11224",Kings,Layoff,Temporary,Contract Termination,7,72,72
"Sonder USA, Inc.",2026-01-29,2025-10-31,2026-04-13,"1 Platt Street  New York, NY, 10038",New York,Closure,Permanent,Bankruptcy Funding Loss,2,43,43
"Sonder USA, Inc.",2026-01-29,2025-10-31,2026-04-13,"2 washington street  New York, NY, 10004",New York,Closure,Permanent,Bankruptcy Funding Loss,3,13,13
"Sonder USA, Inc.",2026-01-29,2025-10-31,2026-04-13,"9 west 26th street  New York, NY, 10010",New York,Closure,Permanent,Bankruptcy Funding Loss,4,4,4
"Sonder USA, Inc.",2026-01-29,2025-10-31,2026-04-13,"15 w 56th Street  New York, NY, 10019",New York,Closure,Permanent,Bankruptcy Funding Loss,5,7,7
"Sonder USA, Inc.",2026-01-29,2025-10-31,2026-04-13,"24 E 39th St  New York, NY, 10016",New York,Closure,Permanent,Bankruptcy Funding Loss,6,3,3
"Sonder USA, Inc.",2026-01-29,2025-10-31,2026-04-13,"37 w 24th street  New York, NY, 10010",New York,Closure,Permanent,Bankruptcy Funding Loss,7,6,6
"Sonder USA, Inc.",2026-01-29,2025-10-31,2026-04-13,"39-35 27th Street  Long Island City, NY, 11101",Queens,Closure,Permanent,Bankruptcy Funding Loss,10,5,5
"Sonder USA, Inc.",2026-01-29,2025-10-31,2026-04-13,"45-06 Pearson Street  Long Island City, NY, 11101",Queens,Closure,Permanent,Bankruptcy Funding Loss,11,5,5
"Sonder USA, Inc.",2026-01-29,2025-10-31,2026-04-13,"130 Duane St  New York, NY, 10013",New York,Closure,Permanent,Bankruptcy Funding Loss,8,5,5
"Sonder USA, Inc.",2026-01-29,2025-10-31,2026-04-13,"139 Orchard Street  New York, NY, 10002",New York,Closure,Permanent,Bankruptcy Funding Loss,9,6,6
"Sonder USA, Inc.",2026-01-29,2025-10-31,2026-04-13,"651 Union Street  Brooklyn, NY, 11215",Kings,Closure,Permanent,Bankruptcy Funding Loss,1,4,4
"Spirit Airlines, LLC.",2026-01-31,2025-10-31,2026-03-18,"9400 Ditmars Blvd  East Elmhurst, NY, 11369",Queens,Layoff,Temporary,Other,2,0,0
"Staffing Boutique, Inc.",2025-02-07,2025-01-27,2025-02-27,"50 East River Lane Randall’s Island Athletic Field #83 New York, NY, 10035",New York,Closure,Permanent,Contract Termination Government Ordered Closing,1,117,117
"Staffing Boutique, Inc.",2025-02-07,2025-01-27,2025-02-27,"99 Washington Street  New York, NY, 10013",New York,Closure,Permanent,Contract Termination Government Ordered Closing,2,63,63
"Staffing Boutique, Inc.",2025-02-07,2025-01-27,2025-02-27,"117 West 70th Street  New York, NY, 10023",New York,Closure,Permanent,Contract Termination Government Ordered Closing,3,34,34
"Staffing Boutique, Inc.",2025-02-07,2025-01-27,2025-02-27,"207 West 85th Street  New York, NY, 10024",New York,Closure,Permanent,Contract Termination Government Ordered Closing,4,23,23
"Staffing Boutique, Inc.",2025-02-07,2025-01-27,2025-02-27,"520 West 49th Street  New York, NY, 10023",New York,Closure,Permanent,Contract Termination Government Ordered Closing,5,2,2
"Startek USA, Inc.",2025-04-30,2025-01-31,2025-03-07,"Remote Work From Home Employee  Utica, NY, 13501",Oneida,Layoff,Permanent,Contract Loss,65,151,151
"Technicolor Creative Services USA, Inc.",2025-02-24,2025-02-21,2025-03-11,"451 Broadway 6th Floor  New York, NY, 10013",New York,Closure,Permanent,Other,52,226,226
"Terphane, LLC.",2025-06-30,2025-03-29,2026-03-17,"2754 West Park Drive  Bloomfield, NY, 14469",Ontario,Closure,Permanent,Relocation of Business,2,49,49
"The Child Center of NY, Inc.",2025-12-31,2025-10-01,2025-11-14,"12 Metrotech Center S.  Brooklyn, NY, 11201",Kings,Closure,Permanent,Contract Loss,14,11,11
"The Child Center of NY, Inc.",2025-12-31,2025-10-01,2025-11-14,"92-31 Union Hall 3rd Floor Jamaica, NY, 11433",Queens,Closure,Permanent,Contract Loss,17,9,9
"The Child Center of NY, Inc.",2025-12-31,2025-10-01,2025-11-14,"165-15 Archer Avenue Room 517 Jamaica, NY, 11433",Queens,Closure,Permanent,Contract Loss,18,2,2
"The Child Center of NY, Inc.",2025-12-31,2025-10-01,2025-11-14,"350 St. Marks Place 3rd Floor Staten Island, NY, 10301",Richmond,Closure,Permanent,Contract Loss,19,5,5
"The Child Center of NY, Inc.",2025-12-31,2025-10-01,2025-11-14,"1200 Waters Place  Bronx, NY, 10461",Bronx,Closure,Permanent,Contract Loss,10,7,7
"The Child Center of NY, Inc.",2025-12-31,2025-10-01,2025-11-14,"1274 Bedford Ave  Brooklyn, NY, 11216",Kings,Closure,Permanent,Contract Loss,15,9,9
"The Child Center of NY, Inc.",2025-12-31,2025-10-01,2025-11-14,"1775 Grand Concourse  Bronx, NY, 10453",Bronx,Closure,Permanent,Contract Loss,11,1,1
"The Child Center of NY, Inc.",2025-12-31,2025-10-01,2025-11-14,"2100 Bartow Avenue  Bronx, NY, 10475",Bronx,Closure,Permanent,Contract Loss,12,2,2
"The Child Center of NY, Inc.",2025-12-31,2025-10-01,2025-11-14,"2501 Grand Concourse, 4th Floor Bronx, NY, 10468",Bronx,Closure,Permanent,Contract Loss,13,5,5
"The Child Center of NY, Inc.",2025-12-31,2025-10-01,2025-11-14,"2554 Linden Blvd  Brooklyn, NY, 11208",Kings,Closure,Permanent,Contract Loss,16,1,1
The Children's Village,2025-12-31,2025-08-22,2025-10-22,"20 Hammond House Road  Valhalla, NY, 10595",Westchester,Closure,Permanent,Contract Termination Contract Expiration,1,114,114
"The Council of State Governments, Ltd.",2025-05-02,2025-04-28,2025-06-05,"22 Cortlandt Street, 22nd Floor  New York, NY, 10007",New York,Layoff,Permanent,Funding Loss,111,145,145
"The Door - A Center of Alternatives, Inc.",2025-03-26,2025-03-26,2025-05-09,"555 Broome Street  New York, NY, 10013",New York,Layoff,Permanent,Contract Loss,62,12,12
The French Connection,2026-03-13,2025-12-12,2026-02-26,"512 7th Avenue 25th Floor New York, NY, 10018",New York,Closure,Permanent,Contract Expiration,1,1,1
The French Connection,2026-03-13,2025-12-02,2026-02-26,"1840-10 Jamaica Ave  Hollis, NY, 11423",Queens,Closure,Permanent,Contract Expiration,2,29,29
The Fresh Market Inc.,2025-07-31,2025-05-01,2025-05-20,"138 East Main St.  Smithtown, NY, 11787",Suffolk,Closure,Permanent,Expiration of Lease,4,38,38
"The Interpublic Group of Companies, Inc.",2026-03-01,2025-12-01,2026-02-23,"100 W 33rd Street  New York, NY, 10001",New York,Layoff,Permanent,Economic,9,2,2
"The Interpublic Group of Companies, Inc.",2026-03-01,2025-12-01,2026-02-23,"909 3rd Avenue  New York, NY, 10022",New York,Layoff,Permanent,Economic,10,90,90
The Katz Group Americas Inc.,2025-06-27,2025-03-19,2025-04-08,"3685 Lockport Rd.  Sanborn, NY, 14132",Niagara,Closure,Permanent,Relocation of Business,12,15,15
The Pace Companies,2025-02-06,2025-02-06,2025-03-04,"41 Box Street  Brooklyn, NY, 11222",Kings,Closure,Permanent,Economic,251,39,39
TL Cannon Management Corp.- Applebee's (Southern Tier),2025-05-27,2025-02-24,2025-03-12,"2300 Triphammer Road  Ithaca, NY, 14850",Tompkins,Closure,Permanent,Economic,247,10,10
"TOMRA NY Recycling, LLC",2025-10-10,2025-07-10,2025-07-24,"31 Opus Blvd  Rotterdam, NY, 12306",Schenectady,Closure,Temporary,Building Renovations,1,44,44
Total Maintenance Corporation,2025-10-31,2025-10-20,2025-12-22,"231 Malta Avenue  Brooklyn, NY, 11207",Kings,Layoff,Permanent,Contract Expiration,7,104,104
"Tourbillon1, LLC.",2025-10-30,2025-08-01,2025-08-14,"1 Rockefeller Plaza  New York, NY, 10020",New York,Closure,Permanent,Economic,47,39,39
"Tri Cor Direct Incorporated, an affiliate of Brady Corporation",2025-05-30,2025-02-27,2025-03-07,"2491 Wehrle Drive  Williamsville, NY, 14221",Erie,Closure,Permanent,Relocation of Business,13,112,112
"Tutto il Giorno 3, LLC.",2025-10-31,2025-07-25,2025-09-17,"56 Nugent St.  Southampton, NY, 11968",Suffolk,Layoff,Temporary,Other,24,35,35
UMH JGJ Corp.,2025-06-18,2025-05-19,2025-06-03,"286 Deyo Hill Road  Johnson City, NY, 13790",Broome,Closure,Permanent,Economic,57,47,47
"Upstate Niagara Cooperative, Inc.",2025-10-31,2025-07-31,2025-08-22,"45 Fulton Avenue  Rochester, NY, 14608",Monroe,Closure,Permanent,Economic,45,88,88
Vicks Lithograph & Printing Corp.,2025-10-31,2025-09-29,2025-11-06,"5166 Commercial Drive  Yorkville, NY, 13495",Oneida,Closure,Permanent,Sale of Business,47,17,17
Visiting Nurse Service of New York Home Care II,2025-07-07,2025-04-08,2025-07-17,"220 East 42nd St  New York, NY, 10017",New York,Layoff,Permanent,Economic,49,10,10
Wabtec Corporation,2026-01-01,2025-07-17,2025-10-10,"72 Arizona Avenue  Plattsburgh, NY, 12903",Clinton,Closure,Permanent,Economic,32,36,36
Waste Harmonics Keter,2026-03-31,2025-04-23,2026-05-08,"7665 Omnitech Place  Victor, NY, 14564",Ontario,Layoff,Permanent,Relocation of Business,1,41,41
"Watermark Retirement Communities, LLC",2025-09-30,2025-07-15,2025-08-19,"2140 Five Mile Line Rd.  Penfield, NY, 14526",Monroe,Closure,Permanent,Economic Other,1,65,65
"Watson Hotel Operator, LLC.",2025-03-31,2025-01-21,2025-02-25,"440 West 57th Street  New York, NY, 10019",New York,Layoff,Permanent,Contract Termination,42,79,79
White Coffee Corporation,2026-01-11,2025-10-13,2025-10-22,"18-35 38th Street  Long Island City, NY, 11105",Queens,Closure,Permanent,Sale of Business,48,97,97
"Whitsons Food Service, LLC.",2025-08-22,2025-05-22,2025-06-12,"1800 Motor Parkway  Islandia, NY, 11749",Suffolk,Closure,Permanent,Relocation of Business,10,141,141
Zion Global Logistics LLC,2025-12-15,2025-09-15,2025-10-17,"7240 Bergen Ct  Brooklyn, NY, 11234",Kings,Closure,Permanent,Contract Termination,10,56,56
Zumtobel Lighting Inc.,2025-10-31,2025-07-31,2025-12-09,"3300 Route 9W  Highland, NY, 12528",Ulster,Layoff,Permanent,Economic,26,43,43
