received_date,effective_date,type,affected,employer,city,county,notification,source_year
1/19/2017,2/9/2017,Closure,64,Save-A-Lot,Las Vegas,Clark,,2017
2/6/2017,4/10/2017,Closure,67,Fresh & Ready Foods,N. Las Vegas,Clark,,2017
3/27/2017,5/27/2017,Closure,124,bebe,"Re, He, LV","Wa, Cl",,2017
4/25/2017,6/30/2017,Closure,327,"UNR Med Integrated Clinical Services, Inc.",Las Vegas,Clark,,2017
5/9/2017,6/30/2017,Closure,71,First Transit,"Re, He, LV","Wa, Cl",,2017
5/9/2017,6/30/2017,Layoff,133,Andre Agassi College Preparatory Academy,Las Vegas,Clark,,2017
5/24/2017,7/18/2017,Closure,57,Stripeside Café & Bar (Caesars Casino),Las Vegas,Clark,,2017
5/24/2017,7/31/2017,Closure,63,JC Penney,Las Vegas,Clark,,2017
6/20/2017,10/11/2017,Closure,76,Nevada Gaming Partners,"LV, NLV, He, Sp, El","Cl, Wa, El",,2017
7/27/2017,9/30/2017,Closure,87,B&B Burger & Beer,Las Vegas,Clark,,2017
8/21/2017,10/24/2017,Layoff,807,PAE Applied Technologies LLC,Las Vegas,Clark,,2017
8/23/2017,10/24/2017,Layoff,255,"C. Martin Company, Inc.",Las Vegas,Clark,,2017
8/23/2017,10/15/2017,Closure,112,"Nevada Coaches, LLC",Las Vegas,Clark,,2017
8/24/2017,10/24/2017,Closure,62,Fluor Federal Solutions LLC,Indian Springs,Clark,,2017
9/27/2017,11/27/2017,Closure,70,SunOpta Healthy Snacks,Carson City,Carson City,,2017
10/26/2017,12/31/2017,Closure,87,Table 10,Las Vegas,Clark,,2017
11/6/2017,1/8/2018,Closure,48,Zenith Education Group,Henderson,Clark,,2017
11/14/2017,1/13/2018,Layoff,163,Frias Transportation Management,Las Vegas,Clark,,2017
1/10/2018,3/10/2018,Closure,111,American Buildings Co.,Carson City,Carson City,,2018
1/11/2018,3/9/2018,Layoff,406,The Service Companies,Las Vegas,Clark,,2018
2/2/2018,4/1/2018,Layoff,4,Eurest Services Inc. (Compass Group),Reno,Washoe,,2018
2/13/2018,2/9/2018,Closure,32,Northeast Reliable Services - 5360,Reno,Washoe,,2018
2/13/2018,2/9/2018,Closure,31,Northeast Reliable Services - 3875,Reno,Washoe,,2018
2/28/2018,4/30/2018,Closure,276,Pioneer Hotel & Gambling Hall,Laughlin,Clark,,2018
3/15/2018,5/13/2018,Closure,59,Hard Rock Café,Stateline,Douglas,,2018
3/22/2018,5/20/2018,Closure,335,Scolari's Food,"Re, Ye, Fe, To","Wa, Ly, Ny",,2018
3/27/2018,7/27/2018,Closure,68,B&B Ristorante,Las Vegas,Clark,,2018
4/6/2018,6/5/2018,Closure,62,The Bank Nightclub,Las Vegas,Clark,,2018
5/11/2018,5/9/2018,Closure,70,MG Design Associates Corp.,Henderson,Clark,,2018
5/16/2018,7/15/2018,Closure,1526,JT3,Las Vegas,Clark,,2018
5/18/2018,5/17/2018,Layoff,0,Texas Migrant Council,,,,2018
5/25/2018,7/27/2018,Closure,143,Carnevino,Las Vegas,Clark,,2018
5/25/2018,7/27/2018,Closure,92,Otto Enoteca Pizzeria,Las Vegas,Clark,,2018
5/30/2018,7/31/2018,Closure,107,"Alorica, Inc.",Reno,Washoe,,2018
6/6/2018,8/31/2018,Closure,334,Wells Fargo PVSI,Reno,Washoe,,2018
6/7/2018,7/31/2018,Closure,110,TsiCorp,Las Vegas,Clark,,2018
6/18/2018,8/6/2018,Closure,26,Honor Finance,Las Vegas,Clark,,2018
9/5/2018,10/29/2018,Closure,372,Arvato Digital Services,Reno,Washoe,,2018
10/5/2018,11/25/2018,Closure,14,Wells Fargo - PVSI,Reno,Washoe,,2018
11/13/2018,1/29/2019,Closure,79,Public House,Las Vegas,Clark,,2018
11/16/2018,1/31/2019,Closure,36,Sears,Las Vegas,Clark,,2018
11/16/2018,1/31/2019,Closure,9,Sears Auto Center,Las Vegas,Clark,,2018
11/26/2018,1/26/2019,Closure,3,Baked in the Sun,Las Vegas,Clark,,2018
11/27/2018,1/27/2019,Closure,146,Arizona Pipeline,Las Vegas,Clark,,2018
1/8/2019,3/9/2019,Layoff,118,Newmont North America,Elko,Elko,,2019
1/14/2019,3/13/2019,Closure,1097,Frias Transportation,Las Vegas,Clark,,2019
1/30/2019,3/20/2019,Layoff,163,Tesla,Las Vegas,Clark,,2019
1/30/2019,3/20/2019,Layoff,124,Tesla,Sparks,Storey,,2019
1/31/2019,3/31/2019,Closure,79,Sunshine Minting,Las Vegas,Clark,,2019
2/7/2019,9/30/2019,Layoff,137,AECOM,Fallon,Churchill,,2019
2/7/2019,9/30/2019,Layoff,4,AECOM,Las Vegas,Clark,,2019
2/15/2019,4/12/2019,Closure,8,Spectrum Pharmaceuticals,Henderson,Clark,,2019
2/19/2019,12/31/2019,Closure,50,KEMET Blue Powder Corp,Carson City,Lyon,,2019
3/11/2019,5/8/2019,Closure,141,Livanta,Las Vegas,Clark,,2019
4/24/2019,6/30/2019,Closure,206,"MV Transportation, Inc",Reno,Washoe,,2019
5/22/2019,5/22/2019,Layoff,53,Newmont Goldcorp,Elko,Elko,,2019
5/24/2019,6/19/2019,Closure,57,Arcadia Group - Topshop/Topman,Las Vegas,Clark,,2019
7/16/2019,9/14/2019,Closure,148,"Arrow Electronics, Inc.",Reno,Washoe,,2019
7/18/2019,7/18/2019,Layoff,91,"Arrow Electronics, Inc.",Reno,Washoe,,2019
7/18/2019,9/28/2019,Closure,49,Radial,Reno,Washoe,,2019
9/17/2019,11/12/2019,Closure,74,Tahoe Pacific Hospitals - South Meadows,Reno,Washoe,,2019
10/30/2019,12/29/2019,Closure,750,Transdev,N. Las Vegas,Clark,,2019
11/21/2019,2/16/2019,Layoff,1665,Hard Rock Hotel & Casino,Las Vegas,Clark,,2019
12/3/2019,2/2/2020,Closure,99,SuperShuttle,Las Vegas,Clark,,2019
12/10/2019,2/8/2020,Closure,217,Sodexo,Las Vegas,Clark,,2019
2/18/2020,4/12/2020,Closure,96,Transform KM LLC,Las Vegas,Clark,,2020
3/11/2020,5/15/2020,Closure,165,Montevista Hospital,Las Vegas,Clark,,2020
3/13/2020,5/12/2020,Layoff,150,Amentum - CTTR,"Fa, LV","Ch, Cl",,2020
3/16/2020,3/13/2020,Layoff,23,Level Up,Las Vegas,Clark,,2020
3/16/2020,3/13/2020,Layoff,181,Wet Republic Ultra Pool,Las Vegas,Clark,,2020
3/16/2020,3/13/2020,Layoff,58,Searsucker Las Vegas Reastaurant,Las Vegas,Clark,,2020
3/16/2020,3/13/2020,Layoff,364,OMNIA Nightclub,Las Vegas,Clark,,2020
3/16/2020,3/13/2020,Layoff,342,Hakkasan Nightclub,Las Vegas,Clark,,2020
3/16/2020,3/13/2020,Layoff,50,Liquid Pool Lounge,Las Vegas,Clark,,2020
3/16/2020,3/13/2020,Layoff,78,Hakkasan Restaurant,Las Vegas,Clark,,2020
3/16/2020,3/13/2020,Layoff,130,Jewel Nightclub,Las Vegas,Clark,,2020
3/17/2020,3/15/2020,Layoff,3200,"PHWLV, LLC",Las Vegas,Clark,,2020
3/19/2020,3/16/2020,Layoff,113,Kre8 Media,Las Vegas,Clark,,2020
3/20/2020,3/18/2020,Layoff,229,Gaudin Motor Company,"He, LV",Clark,,2020
3/20/2020,3/16/2020,Layoff,299,Westin Las Vegas Hotel & Spa,Las Vegas,Clark,,2020
3/20/2020,3/17/2020,Layoff,261,Renaissance Las Vegas Hotel,Las Vegas,Clark,,2020
3/20/2020,3/16/2020,Layoff,432,OYO Hotel & Casino,Las Vegas,Clark,,2020
3/23/2020,3/18/2020,Layoff,55,"ASC Operations, LLC",Las Vegas,Clark,,2020
3/23/2020,3/21/2020,Layoff,86,"Hakkasan Holdings, LLC",Las Vegas,Clark,,2020
3/23/2020,3/20/2020,Closure,7,"Mahana Spa, LLC",Las Vegas,Clark,,2020
3/23/2020,3/23/2020,Layoff,36,"BBD West, Inc. - Reno",Reno,Washoe,,2020
3/23/2020,3/23/2020,Layoff,36,"BBD West, Inc. - Fernley",Fernley,Lyon,,2020
3/23/2020,3/23/2020,Layoff,43,"BBD West, Inc. - Sparks",Sparks,Washoe,,2020
3/24/2020,3/22/2020,Layoff,9,Go Rentals,"LV, Re","Cl, Wa",,2020
3/24/2020,3/16/2020,Layoff,136,"Carmine's Las Vegas, LLC",Las Vegas,Clark,,2020
3/24/2020,3/18/2020,Layoff,128,Virgil's Real Barbecue,Las Vegas,Clark,,2020
3/24/2020,3/18/2020,Layoff,93,Sugarcane Raw Bar & Grill,Las Vegas,Clark,,2020
3/25/2020,4/2/2020,Layoff,76,Somerpointe - Tahiti Village,Las Vegas,Clark,,2020
3/25/2020,3/23/2020,Layoff,143,Everi - Corporate Headquarters,Las Vegas,Clark,,2020
3/25/2020,4/2/2020,Layoff,5,Somerpointe - Club de Soleil Resort,Las Vegas,Clark,,2020
3/25/2020,3/24/2020,Layoff,68,Soleil - Club de Soleil Resort,Las Vegas,Clark,,2020
3/25/2020,3/24/2020,Layoff,309,Soleil - Tahiti Village Resort,Las Vegas,Clark,,2020
3/25/2020,3/17/2020,Layoff,181,"King's Seafood Company, LLC",Henderson,Clark,,2020
3/25/2020,3/25/2020,Layoff,36,"Greyhound Lines, Inc.",Las Vegas,Clark,,2020
3/25/2020,3/23/2020,Layoff,37,Everi - Games Studio,Reno,Washoe,,2020
3/25/2020,3/23/2020,Layoff,106,Everi - FinTech Innovation Center,Las Vegas,Clark,,2020
3/25/2020,3/23/2020,Layoff,19,Everi - Production Facility,Las Vegas,Clark,,2020
3/26/2020,3/27/2020,Layoff,373,Hard Rock Hotel & Casino,Stateline,Douglas,,2020
3/26/2020,3/23/2020,Layoff,193,PRA Group,Henderson,Clark,,2020
3/26/2020,3/20/2020,Layoff,56,"Alsco - Reno, Carson City","Re, CC","Wa, CC",,2020
3/26/2020,3/17/2020,Layoff,2225,Treasure Island Hotel & Casino,Las Vegas,Clark,,2020
3/26/2020,3/27/2020,Layoff,17,Xtreme Manufacturing,Henderson,Clark,,2020
3/27/2020,3/23/2020,Layoff,97,Wemco Inc.,McCarran,Washoe,,2020
3/27/2020,3/20/2020,Layoff,850,Cirque du Soleil,Las Vegas,Clark,,2020
3/27/2020,3/27/2020,Layoff,290,Elara by Hilton Grand Vactions,Las Vegas,Clark,,2020
3/29/2020,3/27/2020,Layoff,68,Blue Ribbon Restaurants,Las Vegas,Clark,,2020
3/29/2020,3/27/2020,Layoff,71,Blue Ribbon Restaurants,Las Vegas,Clark,,2020
3/30/2020,4/2/2020,Layoff,68,Wyndham Vacation Ownership,Las Vegas,Clark,,2020
3/30/2020,3/31/2020,Layoff,25,"JusTours, Inc.",Henderson,Clark,,2020
3/30/2020,3/17/2020,Layoff,620,Tuscany Suites & Casino,Las Vegas,Clark,,2020
3/30/2020,3/30/2020,Layoff,71,Slanted Door Las Vegas,Las Vegas,Clark,,2020
3/30/2020,3/18/2020,Layoff,451,Eldorado Resorts Corp.,"LV, NLV",Clark,,2020
3/30/2020,3/29/2020,Layoff,15,Paper Source,Las Vegas,Clark,,2020
3/30/2020,3/27/2020,Layoff,11,"Legacy Transportation Services, Inc.",Las Vegas,Clark,,2020
3/31/2020,3/30/2020,Layoff,42,Ahern Rentals,"He, LV,NLV, Ga","Cl, Do",,2020
3/31/2020,3/31/2020,Layoff,132,Momofuku Restaurant,Las Vegas,Clark,,2020
4/1/2020,3/23/2020,Layoff,318,Roof Deck Entertainment,Las Vegas,Clark,,2020
4/1/2020,3/23/2020,Layoff,141,Strip View Entertainment,Las Vegas,Clark,,2020
4/1/2020,3/23/2020,Layoff,164,Guapo Bodega Las Vegas,Las Vegas,Clark,,2020
4/1/2020,3/20/2020,Layoff,67,Cirque du Soleil - Blue Man,Las Vegas,Clark,,2020
4/1/2020,3/23/2020,Layoff,171,Buddha Entertainment,Las Vegas,Clark,,2020
4/1/2020,3/23/2020,Layoff,296,TAO LV Restaurant,Las Vegas,Clark,,2020
4/2/2020,3/25/2020,Layoff,139,"Sport Clips, Inc.","He, LV, NLV",Clark,,2020
4/2/2020,4/3/2020,Layoff,62,Grandview At Las Vegas,Las Vegas,Clark,,2020
4/3/2020,3/20/2020,Layoff,56,Alsco Las Vegas,Las Vegas,Clark,,2020
4/3/2020,3/18/2020,Closure,81,Benihana Las Vegas Corp.,Las Vegas,Clark,,2020
4/3/2020,3/26/2020,Layoff,485,"Cinemark USA, Inc.","He, LV, Re","Cl, Wa",,2020
4/3/2020,3/20/2020,Closure,47,Ra Sushi Las Vegas Corp,Las Vegas,Clark,,2020
4/3/2020,3/31/2020,Layoff,552,Trump Ruffin Commercial,Las Vegas,Clark,,2020
4/6/2020,3/16/2020,Layoff,125,SBE,Las Vegas,Clark,,2020
4/6/2020,4/3/2020,Layoff,97,"JIPC Las Vegas, LLC",Las Vegas,Clark,,2020
4/6/2020,4/3/2020,Layoff,950,Hilton Resorts Corp.,Las Vegas,Clark,,2020
4/6/2020,3/18/2020,Layoff,112,"Black Tap Las Vegas, LLC",Las Vegas,Clark,,2020
4/6/2020,3/26/2020,Layoff,43,Crestline Hotels & Resorts,Las Vegas,Clark,,2020
4/6/2020,3/17/2020,Layoff,120,"AGR Group Nevada, LLC",Las Vegas,Clark,,2020
4/7/2020,6/7/2020,Closure,140,"Monzo Support US, Inc.",Las Vegas,Clark,,2020
4/8/2020,3/29/2020,Layoff,10,"Suit Supply USA, Inc.",Las Vegas,Clark,,2020
4/8/2020,4/17/2020,Layoff,1093,Affinity Gaming,"LV, Pr, Sp","Cl, Wa",,2020
4/9/2020,4/3/2020,Layoff,1244,Elara by Hilton Grand Vactions,Las Vegas,Clark,,2020
4/9/2020,4/1/2020,Layoff,4,"Beasley Media Group, LLC",Las Vegas,Clark,,2020
4/9/2020,3/30/2020,Layoff,176,Abengoa (Abeinsa Abener Teyma),Sparks,Washoe,,2020
4/10/2020,3/30/2020,Layoff,3,Serenity Wellness Growers,N. Las Vegas,Clark,,2020
4/10/2020,3/27/2020,Layoff,19,Oasis Cannabis Dispensary,Las Vegas,Clark,,2020
4/10/2020,4/17/2020,Layoff,21,Affinity Gaming (Corporate),Las Vegas,Clark,,2020
4/11/2020,4/30/2020,Closure,333,"LogistiCare Solutions, LLC",Las Vegas,Clark,,2020
4/13/2020,3/21/2020,Layoff,162,"Prospect Airport Services, Inc.",Las Vegas,Clark,,2020
4/13/2020,4/2/2020,Layoff,36,Somerpoint - Rampart Office,Las Vegas,Clark,,2020
4/13/2020,4/2/2020,Layoff,9,ASTS Management - Rampart Office,Las Vegas,Clark,,2020
4/13/2020,4/11/2020,Layoff,1,Somerpointe - Tahiti Village,Las Vegas,Clark,,2020
4/13/2020,4/11/2020,Layoff,3,"ASNY Company, LLC - Rampart Office",Las Vegas,Clark,,2020
4/13/2020,4/9/2020,Layoff,28,Black Bear Diner - Las Vegas,Las Vegas,Clark,,2020
4/13/2020,3/18/2020,Closure,158,Planet Hollywood (Café Hollywood),Las Vegas,Clark,,2020
4/13/2020,4/11/2020,Layoff,4,Soleil - Tahiti Village Resort,Las Vegas,Clark,,2020
4/13/2020,4/11/2020,Layoff,2,ASTS Management - Tahiti Village,Las Vegas,Clark,,2020
4/14/2020,4/11/2020,Layoff,510,Montbleu Resort Casino & Spa,Stateline,Douglas,,2020
4/14/2020,4/13/2020,Layoff,111,"Saddle West Hotel, Casino & RV Resort",Pahrump,Clark,,2020
4/15/2020,4/8/2020,Layoff,1,"Legacy Transportation Services, Inc.",Las Vegas,Clark,,2020
4/15/2020,3/16/2020,Layoff,1989,"Stratosphere Gaming, LLC",Las Vegas,Clark,,2020
4/15/2020,3/27/2020,Layoff,4,"Glidewell - Crown World, Inc.",Las Vegas,Clark,,2020
4/15/2020,3/16/2020,Layoff,410,"Colorado Belle Gaming, LLC",Laughlin,Clark,,2020
4/15/2020,3/16/2020,Layoff,223,"Golden Pahrump Nugget, LLC",Pahrump,Clark,,2020
4/15/2020,3/16/2020,Layoff,256,Golden Route Operation / Golden Taverns North,Reno,Washoe,,2020
4/15/2020,3/16/2020,Layoff,1362,Golden Route Operations / Golden Taverns South,Las Vegas,Clark,,2020
4/15/2020,3/16/2020,Layoff,32,American Casinos & Entertainment Properties,Las Vegas,Clark,,2020
4/15/2020,3/16/2020,Layoff,365,Arizona Charlie's Boulder,Las Vegas,Clark,,2020
4/15/2020,3/16/2020,Layoff,76,"Golden Pahrump Lakeside, LLC",Pahrump,Clark,,2020
4/15/2020,3/16/2020,Layoff,863,"Aquarius Gaming, LLC",Laughlin,Clark,,2020
4/15/2020,3/16/2020,Layoff,69,"Golden Pahrump Town, LLC",Pahrump,Clark,,2020
4/15/2020,3/16/2020,Layoff,170,"Golden Entertainment Inc. / ACEP, LLC",Las Vegas,Clark,,2020
4/15/2020,3/27/2020,Layoff,47,Glidewell - LV Digital Dental Solutions,Las Vegas,Clark,,2020
4/15/2020,3/16/2020,Layoff,597,"Edgewater Gaming, LLC",Laughlin,Clark,,2020
4/15/2020,3/16/2020,Layoff,548,Arizona Charlie's Decatur,Las Vegas,Clark,,2020
4/16/2020,4/11/2020,Layoff,577,Eldorado Tropicana Resorts,Laughlin,Clark,,2020
4/16/2020,4/14/2020,Layoff,1,FS US Services Limited,Incline Village,Washoe,,2020
4/16/2020,4/26/2020,Layoff,350,Las Vegas Convention & Visitors Authority,Las Vegas,Clark,,2020
4/17/2020,3/17/2020,Closure,81,Hof's Hut Restaurants - Lucille's,Las Vegas,Clark,,2020
4/20/2020,3/21/2020,Layoff,201,Enterprise Holdings,Las Vegas,Clark,,2020
4/20/2020,4/5/2020,Layoff,94,Core-Mark International,Henderson,Clark,,2020
4/20/2020,3/17/2020,Closure,69,Hof's Hut Restaurants - Lucille's,Henderson,Clark,,2020
4/20/2020,4/2/2020,Layoff,61,"Guess?, Inc.",Las Vegas,Clark,,2020
4/22/2020,4/3/2020,Layoff,2728,"Flamingo LV Operating Co., LLC",Las Vegas,Clark,,2020
4/22/2020,4/3/2020,Layoff,2177,"PWHLV, LLC L- Planet Hollywood",Las Vegas,Clark,,2020
4/22/2020,4/3/2020,Layoff,251,"Caesars Linq, LLC",Las Vegas,Clark,,2020
4/22/2020,4/3/2020,Layoff,717,"Corner Investment Co., LLC - Cromwell",Las Vegas,Clark,,2020
4/22/2020,4/3/2020,Layoff,1877,"Parball Newco, LLC - Bally's LV",Las Vegas,Clark,,2020
4/22/2020,4/3/2020,Layoff,973,"Parball, LLC - BLV Laundry",Las Vegas,Clark,,2020
4/22/2020,4/3/2020,Layoff,292,Eastside Convention Center - Caesars,Las Vegas,Clark,,2020
4/22/2020,4/3/2020,Layoff,6148,Desert Palace Inc. - Caesars LV,Las Vegas,Clark,,2020
4/22/2020,4/3/2020,Layoff,2950,"Paris LV Operating Co., LLC",Las Vegas,Clark,,2020
4/22/2020,4/3/2020,Layoff,1457,"3535 LV Newco, LLC - LINQ",Las Vegas,Clark,,2020
4/22/2020,4/3/2020,Layoff,3182,Harrah's Las Vegas,Las Vegas,Clark,,2020
4/22/2020,4/1/2020,Layoff,1752,Harvey's Tahoe Mgmt Co,Stateline,Douglas,,2020
4/22/2020,4/1/2020,Layoff,476,"CEOC, LLC (Harrah's Reno)",Reno,Washoe,,2020
4/22/2020,4/3/2020,Layoff,2393,"Rio Properties, LLC",Las Vegas,Clark,,2020
4/23/2020,4/4/2020,Layoff,40,Visionworks,"He, LV, Re","Cl, Wa",,2020
4/23/2020,4/3/2020,Layoff,759,Harrah's Laughlin LLC,Laughlin,Clark,,2020
4/23/2020,3/21/2020,Layoff,118,Miller's Ale House,"He, LV",Clark,,2020
4/24/2020,3/20/2020,Layoff,115,Enterprise Holdings - Bermuda Rd.,Las Vegas,Clark,,2020
4/24/2020,4/30/2020,Layoff,21,Enterprise Holdings - Bermuda Rd.,Las Vegas,Clark,,2020
4/24/2020,3/15/2020,Layoff,221,Bloomin Brands,Las Vegas,Clark,,2020
4/24/2020,3/17/2020,Layoff,86,T&T BLV LLC,Las Vegas,Clark,,2020
4/24/2020,3/17/2020,Layoff,81,Buca (EX) LLC,Las Vegas,Clark,,2020
4/24/2020,4/30/2020,Layoff,35,Enterprise Holdings - Gillespie St.,Las Vegas,Clark,,2020
4/24/2020,3/18/2020,Layoff,115,Enterprise Holdings - Gillespie St.,Las Vegas,Clark,,2020
4/27/2020,5/9/2020,Layoff,5,Wet Republic,Las Vegas,Clark,,2020
4/27/2020,5/9/2020,Layoff,1,Liquid Pool Lounge,Las Vegas,Clark,,2020
4/27/2020,5/9/2020,Layoff,4,Jewel Nightclub,Las Vegas,Clark,,2020
4/27/2020,5/9/2020,Layoff,1,Level Up,Las Vegas,Clark,,2020
4/28/2020,4/14/2020,Layoff,183,Hertz Corporation,Las Vegas,Clark,,2020
4/29/2020,3/17/2020,Layoff,44,Regal Cinemas,Las Vegas,Clark,,2020
4/29/2020,4/24/2020,Layoff,96,Tahoe Biltmore,Crystal Bay,Washoe,,2020
4/29/2020,4/13/2020,Layoff,239,"Hard Rock Café International USA, Inc.",Las Vegas,Clark,,2020
4/29/2020,5/1/2020,Layoff,2,Hakkasan Nightclub,Las Vegas,Clark,,2020
4/29/2020,5/1/2020,Layoff,26,"Hakkasan Holdings, LLC",Las Vegas,Clark,,2020
4/29/2020,5/1/2020,Layoff,1,OMNIA Nightclub,Las Vegas,Clark,,2020
4/30/2020,5/1/2020,Layoff,484,"Avi Casino Enterprise, Inc.",Laughlin,Clark,,2020
5/1/2020,5/1/2020,Layoff,40,Culinary Health Center,Las Vegas,Clark,,2020
5/1/2020,5/1/2020,Closure,73,Gulfstream,Las Vegas,Clark,,2020
5/1/2020,5/1/2020,Layoff,320,Boulder Station Hotel & Casino,Henderson,Clark,,2020
5/1/2020,5/1/2020,Layoff,638,Fiesta Henderson Hotel & Casino,Henderson,Clark,,2020
5/1/2020,5/1/2020,Layoff,420,Fiesta Rancho Hotel & Casino,Las Vegas,Clark,,2020
5/1/2020,5/1/2020,Layoff,517,"Green Valley Ranch Resort, Spa and Casino",Henderson,Clark,,2020
5/1/2020,5/1/2020,Layoff,406,Palace Station Hotel and Casino,Las Vegas,Clark,,2020
5/1/2020,5/1/2020,Layoff,1745,Palms Casino Resort,Las Vegas,Clark,,2020
5/1/2020,5/1/2020,Layoff,913,Red Rock Casino Resort and Spa,Las Vegas,Clark,,2020
5/1/2020,5/1/2020,Layoff,351,Santa Fe Station Hotel & Casino,Las Vegas,Clark,,2020
5/1/2020,5/1/2020,Layoff,822,Texas Station Gambling Hall & Hotel,N. Las Vegas,Clark,,2020
5/1/2020,5/1/2020,Layoff,302,Sunset Station Hotel & Casino,Las Vegas,Clark,,2020
5/4/2020,6/24/2020,Layoff,159,"Javier's Las Vegas, LLC",Las Vegas,Clark,,2020
5/5/2020,3/15/2020,Layoff,1,"MGM Resorts Satellite, LLC",Las Vegas,Clark,,2020
5/5/2020,3/15/2020,Layoff,13,"The Crystals at CityCenter Management, LLC",Las Vegas,Clark,,2020
5/5/2020,3/15/2020,Layoff,706,The Signature,Las Vegas,Clark,,2020
5/5/2020,3/15/2020,Layoff,2846,Park MGM Las Vegas,Las Vegas,Clark,,2020
5/5/2020,3/15/2020,Layoff,3523,Mirage Casino-Hotel,Las Vegas,Clark,,2020
5/5/2020,3/15/2020,Layoff,1749,New York-New York Hotel & Casino,Las Vegas,Clark,,2020
5/5/2020,3/15/2020,Layoff,30,Shadow Creek Club,Las Vegas,Clark,,2020
5/5/2020,3/15/2020,Layoff,2535,"MGM Resorts Int. Operations, Inc.",Las Vegas,Clark,,2020
5/5/2020,3/15/2020,Layoff,23,"MGM Resorts International Marketing, Inc.",Las Vegas,Clark,,2020
5/5/2020,3/15/2020,Layoff,40,MGM Resorts Int. Design,Las Vegas,Clark,,2020
5/5/2020,3/15/2020,Layoff,920,"Vdara Condo Hotel, LLC",Las Vegas,Clark,,2020
5/5/2020,3/15/2020,Layoff,6821,Bellagio Hotel & Casino,Las Vegas,Clark,,2020
5/5/2020,3/15/2020,Layoff,6082,"MGM Grand Hotel, LLC",Las Vegas,Clark,,2020
5/5/2020,3/15/2020,Layoff,25,"Mandalay Place, Inc.",Las Vegas,Clark,,2020
5/5/2020,3/15/2020,Layoff,5890,"Mandalay Bay, LLC",Las Vegas,Clark,,2020
5/5/2020,3/15/2020,Layoff,19,"Las Vegas Basketball Ventures, LLC",Las Vegas,Clark,,2020
5/5/2020,3/15/2020,Layoff,6572,ARIA Resort & Casino,Las Vegas,Clark,,2020
5/5/2020,3/15/2020,Layoff,315,"Las Vegas Arena Management, LLC",Las Vegas,Clark,,2020
5/5/2020,3/15/2020,Layoff,2649,Luxor Hotel & Casino,Las Vegas,Clark,,2020
5/5/2020,3/15/2020,Layoff,132,"Grand Laundry, Inc.",N. Las Vegas,Clark,,2020
5/5/2020,3/15/2020,Layoff,2036,Excalibur Hotel & Casino,Las Vegas,Clark,,2020
5/5/2020,3/15/2020,Layoff,13,"Destron, Inc.",Las Vegas,Clark,,2020
5/5/2020,3/15/2020,Layoff,121,"Park District Holdings, LLC",Las Vegas,Clark,,2020
5/5/2020,3/15/2020,Layoff,230,MGM Resorts International,Las Vegas,Clark,,2020
5/7/2020,3/20/2020,Layoff,63,Springhill Suites Las Vegas,Las Vegas,Clark,,2020
5/7/2020,5/8/2020,Layoff,169,Cashman Photo,Las Vegas,Clark,,2020
5/8/2020,5/17/2020,Layoff,117,Cox Automotive,Las Vegas,Clark,,2020
5/11/2020,8/31/2020,Layoff,82,"MGM Resorts Int. Operations, Inc.",Las Vegas,Clark,,2020
5/11/2020,8/31/2020,Layoff,19,"Vdara Condo Hotel, LLC",Las Vegas,Clark,,2020
5/11/2020,8/31/2020,Layoff,10,The Signature,Las Vegas,Clark,,2020
5/11/2020,8/31/2020,Layoff,1,Shadow Creek Club,Las Vegas,Clark,,2020
5/11/2020,8/31/2020,Layoff,108,"Mandalay Bay, LLC",Las Vegas,Clark,,2020
5/11/2020,8/31/2020,Layoff,58,Park MGM Las Vegas,Las Vegas,Clark,,2020
5/11/2020,8/31/2020,Layoff,23,New York-New York Hotel & Casino,Las Vegas,Clark,,2020
5/11/2020,8/31/2020,Layoff,127,Mirage Casino-Hotel,Las Vegas,Clark,,2020
5/11/2020,8/31/2020,Layoff,1,MGM Resorts International,Las Vegas,Clark,,2020
5/11/2020,8/31/2020,Layoff,1,"MGM Resorts Satellite, LLC",Las Vegas,Clark,,2020
5/11/2020,8/31/2020,Layoff,149,ARIA Resort & Casino,Las Vegas,Clark,,2020
5/11/2020,8/31/2020,Layoff,116,Bellagio Hotel & Casino,Las Vegas,Clark,,2020
5/11/2020,8/31/2020,Layoff,49,Excalibur Hotel & Casino,Las Vegas,Clark,,2020
5/11/2020,8/31/2020,Layoff,5,"Las Vegas Arena Management, LLC",Las Vegas,Clark,,2020
5/11/2020,8/31/2020,Layoff,1,"Mandalay Place, Inc.",Las Vegas,Clark,,2020
5/11/2020,8/31/2020,Layoff,133,"MGM Grand Hotel, LLC",Las Vegas,Clark,,2020
5/11/2020,8/31/2020,Layoff,53,Luxor Hotel & Casino,Las Vegas,Clark,,2020
5/13/2020,4/13/2020,Layoff,2,Glidewell - LV Digital Dental Solutions,Las Vegas,Clark,,2020
5/13/2020,4/13/2020,Layoff,1,"Glidewell - Crown World, Inc.",Las Vegas,Clark,,2020
5/14/2020,5/18/2020,Layoff,145,"Russell Road Food and Beverage, LLC",Las Vegas,Clark,,2020
5/14/2020,4/13/2020,Layoff,586,"Silverton Casino, LLC",Las Vegas,Clark,,2020
5/14/2020,4/6/2020,Layoff,1,TAO LV Restaurant,Las Vegas,Clark,,2020
5/15/2020,5/15/2020,Layoff,1,"Hakkasan Holdings, LLC",Las Vegas,Clark,,2020
5/15/2020,3/17/2020,Layoff,2074,"Circus Circus, LLC",Las Vegas,Clark,,2020
5/18/2020,4/27/2020,Layoff,238,McCarran Airport Slot Concession,Las Vegas,Clark,,2020
5/18/2020,4/22/2020,Layoff,115,"Wingfield Nevada Group Management Co., LLC","CS, Sp","Cl, Wa",,2020
5/20/2020,5/20/2020,Layoff,39,Gate Gourmet's Dallas Kitchen,Las Vegas,Clark,,2020
5/21/2020,5/3/2020,Layoff,2028,"South Point Hotel, Casino and Spa",Las Vegas,Clark,,2020
5/21/2020,5/20/2020,Layoff,11,Hertz Corporation,Las Vegas,Clark,,2020
5/22/2020,7/1/2020,Layoff,49,Eldorado Resort Casino,Reno,Washoe,,2020
5/22/2020,7/1/2020,Layoff,343,Main Street Station Casino Brewery Hotel,Las Vegas,Clark,,2020
5/22/2020,7/1/2020,Layoff,636,Aliante Casino + Hotel + Spa,N. Las Vegas,Clark,,2020
5/22/2020,7/1/2020,Layoff,1801,The Orleans Hotel & Casino,Las Vegas,Clark,,2020
5/22/2020,7/1/2020,Layoff,720,Suncoast Hotel & Casino,Las Vegas,Clark,,2020
5/22/2020,7/1/2020,Layoff,649,Sam's Town Hotel & Gambling Hall,Las Vegas,Clark,,2020
5/22/2020,7/1/2020,Layoff,375,Boyd Gaming Corporation,Las Vegas,Clark,,2020
5/22/2020,7/1/2020,Layoff,77,Jokers Wild Casino,Henderson,Clark,,2020
5/22/2020,7/1/2020,Layoff,428,Fremont Hotel & Casino,Las Vegas,Clark,,2020
5/22/2020,7/1/2020,Layoff,227,Eastside Cannery Casino & Hotel,Las Vegas,Clark,,2020
5/22/2020,7/1/2020,Layoff,467,Cannery Casino & Hotel,N. Las Vegas,Clark,,2020
5/22/2020,7/1/2020,Layoff,444,California Hotel & Casino,Las Vegas,Clark,,2020
5/22/2020,7/1/2020,Layoff,57,Boyd Linen & Uniform Services,Henderson,Clark,,2020
5/22/2020,7/1/2020,Layoff,915,Gold Coast Hotel & Casino,Las Vegas,Clark,,2020
5/26/2020,3/19/2020,Layoff,1200,Mesquite Gaming,Mesquite,Clark,,2020
5/27/2020,4/15/2020,Layoff,102,"PCC Structurals, Inc.",Carson City,Carson,,2020
6/1/2020,5/19/2020,Layoff,57,Miller's Ale House,Las Vegas,Clark,,2020
6/1/2020,3/26/2020,Layoff,339,"Global Experience Specialists, Inc.",Las Vegas,Clark,,2020
6/1/2020,5/25/2020,Layoff,526,Drai's Management Group / Afterhours,Las Vegas,Clark,,2020
6/1/2020,7/31/2020,Layoff,182,Bonanza Beverage Company,Las Vegas,Clark,,2020
6/1/2020,5/25/2020,Layoff,49,"Liason, LLC",Las Vegas,Clark,,2020
6/3/2020,3/18/2020,Layoff,107,Las Vegas Marriott,Las Vegas,Clark,,2020
6/4/2020,4/4/2020,Layoff,54,"Wyndham Vacation Ownership, Inc.",Las Vegas,Clark,,2020
6/4/2020,5/27/2020,Layoff,107,Casino Royale,Las Vegas,Clark,,2020
6/5/2020,3/30/2020,Layoff,18,Gate Gourmet's Dallas Kitchen,Las Vegas,Clark,,2020
6/5/2020,6/5/2020,Layoff,700,SP+,Las Vegas,Clark,,2020
6/8/2020,8/1/2020,Layoff,103,Peppermill Reno,Reno,Washoe,,2020
6/9/2020,8/31/2020,Layoff,471,"CEOC, LLC (Harrah's Reno)",Reno,Washoe,,2020
6/12/2020,8/15/2020,Layoff,233,Penn National Gaming,Las Vegas,Clark,,2020
6/12/2020,8/15/2020,Layoff,328,M Resort Spa Casino,Henderson,Clark,,2020
6/12/2020,7/13/2020,Layoff,123,"VSR Industries, Inc.",Henderson,Clark,,2020
6/15/2020,6/11/2020,Layoff,52,"Derse, Inc.",N. Las Vegas,Clark,,2020
6/16/2020,8/15/2020,Layoff,97,Cactus Petes,Jackpot,Elko,,2020
6/18/2020,6/12/2020,Layoff,29,Trump Ruffin Commercial,Las Vegas,Clark,,2020
6/18/2020,3/18/2020,Layoff,646,Marshall Retail Group,Las Vegas,Clark,,2020
6/22/2020,8/14/2020,Layoff,414,Treasure Island Hotel & Casino,Las Vegas,Clark,,2020
6/22/2020,9/18/2020,Layoff,0,Sahara,Las Vegas,Clark,,2020
6/23/2020,6/30/2020,Layoff,164,"Freeman Expositions, LLC",Las Vegas,Clark,,2020
6/23/2020,6/30/2020,Layoff,81,"Freeman Audio Visual, LLC",Las Vegas,Clark,,2020
6/23/2020,6/30/2020,Layoff,1,"Freeman Audio Visual, LLC",Las Vegas,Clark,,2020
6/23/2020,6/30/2020,Layoff,1,"Freeman Expositions, LLC",Las Vegas,Clark,,2020
6/23/2020,6/30/2020,Layoff,120,"The Freeman Company, LLC",Las Vegas,Clark,,2020
6/23/2020,6/30/2020,Layoff,2,"The Freeman Company, LLC",Las Vegas,Clark,,2020
6/24/2020,8/1/2020,Layoff,17,Levy Premium Foodservice Limited,Las Vegas,Clark,,2020
6/29/2020,6/30/2020,Layoff,58,Cirque du Soleil - Blue Man,Las Vegas,Clark,,2020
6/29/2020,8/28/2020,Layoff,150,Amentum - CTTR,Fallon,Churchill,,2020
6/29/2020,6/30/2020,Layoff,176,Cirque du Soleil Entertainment Group,Las Vegas,Clark,,2020
7/1/2020,8/31/2020,Closure,6,Odwalla's,Las Vegas,Clark,,2020
7/1/2020,8/31/2020,Closure,3,Odwalla's,Sparks,Washoe,,2020
7/1/2020,3/24/2020,Layoff,3128,The Cosmopolitan LV,Las Vegas,Clark,,2020
7/2/2020,6/30/2020,Layoff,204,Cirque du Soleil Entertainment Group,Las Vegas,Clark,,2020
7/2/2020,6/30/2020,Layoff,150,Cirque du Soleil Entertainment Group,Las Vegas,Clark,,2020
7/6/2020,10/15/2020,Layoff,620,Tropicana Las Vegas,Las Vegas,Clark,,2020
7/7/2020,8/29/2020,Layoff,124,Terrible's Casino,Jean,Clark,,2020
7/7/2020,8/15/2020,Layoff,129,Cactus Petes,Jackpot,Elko,,2020
7/8/2020,10/1/2020,Layoff,76,"Allegiant Air, LLC",Las Vegas,Clark,,2020
7/8/2020,10/1/2020,Layoff,339,"United Airlines, Inc.",Las Vegas,Clark,,2020
7/10/2020,7/10/2020,Layoff,117,T-Mobile (Sprint),Las Vegas,Clark,,2020
7/10/2020,6/24/2020,Layoff,8,Wyndham Vacation Ownership,Las Vegas,Clark,,2020
7/13/2020,9/15/2020,Layoff,74,Maverick Helicopters,"LV, He",Clark,,2020
7/13/2020,9/15/2020,Layoff,41,Maverick Airlines,Henderson,Clark,,2020
7/13/2020,9/1/2020,Layoff,252,"Circus Circus, LLC",Las Vegas,Clark,,2020
7/17/2020,10/1/2020,Layoff,1,"Allegiant Air, LLC",Las Vegas,Clark,,2020
7/17/2020,9/19/2020,Layoff,295,Nellis Cab Company,Las Vegas,Clark,,2020
7/20/2020,3/16/2020,Layoff,100,"Jobsite Hospitality, LLC",Las Vegas,Clark,,2020
7/21/2020,7/1/2020,Layoff,386,Hilton Grand Vactions - Elara,Las Vegas,Clark,,2020
7/21/2020,8/15/2020,Layoff,2,Double Bogey,Las Vegas,Clark,,2020
7/21/2020,4/3/2020,Layoff,608,Hilton Grand Vacation,Las Vegas,Clark,,2020
7/21/2020,9/20/2020,Layoff,8,"Penn National Gaming, Inc.",Las Vegas,Clark,,2020
7/23/2020,8/15/2020,Layoff,24,M Resort Spa Casino,Henderson,Clark,,2020
7/28/2020,7/27/2020,Layoff,192,Timet,Henderson,Clark,,2020
7/30/2020,10/1/2020,Layoff,7,"United Airlines, Inc.",Las Vegas,Clark,,2020
7/30/2020,7/3/2020,Layoff,284,Wyndham Vacation Ownership - Grand Desert,Las Vegas,Clark,,2020
7/30/2020,7/3/2020,Layoff,89,Wyndham Vacation Ownership - Desert Blue,Las Vegas,Clark,,2020
7/31/2020,10/1/2020,Layoff,286,"Spirit Airlines, Inc.",Las Vegas,Clark,,2020
7/31/2020,10/1/2020,Layoff,245,"Frontier Airlines, Inc.",Las Vegas,Clark,,2020
7/31/2020,9/30/2020,Layoff,262,"MHM Solutions, LLC.",Carson City,Carson City,,2020
8/3/2020,10/1/2020,Layoff,86,"Sky Chefs, Inc.",Las Vegas,Clark,,2020
8/4/2020,10/1/2020,Layoff,1,"Allegiant Air, LLC",Las Vegas,Clark,,2020
8/5/2020,7/31/2020,Layoff,506,Waldorf Astoria,Las Vegas,Clark,,2020
8/6/2020,5/27/2020,Layoff,144,"Swissport USA, Inc.",Las Vegas,Clark,,2020
8/7/2020,8/15/2020,Layoff,58,M Resort Spa Casino,Henderson,Clark,,2020
8/7/2020,10/15/2020,Layoff,41,Tropicana Las Vegas,Las Vegas,Clark,,2020
8/11/2020,10/11/2020,Layoff,1,Penn National Gaming,Las Vegas,Clark,,2020
8/11/2020,7/30/2020,Layoff,7,DoubleTree by Hilton,Las Vegas,Clark,,2020
8/11/2020,8/31/2020,Layoff,79,"AWG Ambassador, LLC",Las Vegas,Clark,,2020
8/11/2020,10/15/2020,Layoff,941,HMSHost,Las Vegas,Clark,,2020
8/12/2020,7/31/2020,Layoff,11,The Platinum Hotel & Spa,Las Vegas,Clark,,2020
8/12/2020,7/31/2020,Layoff,59,The Platinum Hotel & Spa,Las Vegas,Clark,,2020
8/13/2020,8/10/2020,Layoff,98,Casino Royale,Las Vegas,Clark,,2020
8/14/2020,8/31/2020,Layoff,249,Wynn Las Vegas - Le Reve,Las Vegas,Clark,,2020
8/18/2020,8/21/2020,Layoff,52,Searsucker Las Vegas Reastaurant,Las Vegas,Clark,,2020
8/25/2020,8/27/2020,Layoff,178,Canyon Ranch,Las Vegas,Clark,,2020
8/31/2020,10/27/2020,Layoff,360,"Addus Healthcare, Inc.","LV, Pa",Clark,,2020
8/31/2020,9/1/2020,Layoff,8,"Hakkasan Holdings, LLC",Las Vegas,Clark,,2020
8/31/2020,10/30/2020,Layoff,190,The Westin Las Vegas Hotel & Spa,Las Vegas,Clark,,2020
8/31/2020,10/30/2020,Layoff,147,Renaissance Las Vegas Hotel,Las Vegas,Clark,,2020
9/1/2020,8/21/2020,Layoff,114,"Sundance Helicopters, Inc.",Las Vegas,Clark,,2020
9/1/2020,8/31/2020,Layoff,74,"Live Nation Entertainment, Inc.",Las Vegas,Clark,,2020
9/3/2020,11/13/2020,Layoff,47,Marriott Ownership - Grand Chateau,Las Vegas,Clark,,2020
9/3/2020,11/13/2020,Layoff,65,Marriott Hospitality - Grand Chateau,Las Vegas,Clark,,2020
9/3/2020,3/18/2020,Layoff,105,Grand Canyon Scenic Airlines,Boulder City,Clark,,2020
9/4/2020,9/11/2020,Layoff,132,Get Fresh,Las Vegas,Clark,,2020
9/10/2020,8/7/2020,Closure,12,Wyndham Vacation Ownership - Rio,Las Vegas,Clark,,2020
9/10/2020,7/3/2020,Layoff,35,Wyndham Vacation Ownership - Harrahs,Las Vegas,Clark,,2020
9/14/2020,11/12/2020,Layoff,127,OYO Hotel & Casino,Las Vegas,Clark,,2020
9/15/2020,9/10/2020,Layoff,8,Brady Linen - Foremaster,Las Vegas,Clark,,2020
9/15/2020,9/10/2020,Layoff,10,Brady Linen - Losee,Las Vegas,Clark,,2020
9/15/2020,9/10/2020,Layoff,8,Brady Linen - Mayflower,Las Vegas,Clark,,2020
9/15/2020,9/10/2020,Layoff,13,Brady Linen - Mitchell,N. Las Vegas,Clark,,2020
9/15/2020,9/30/2020,Layoff,63,Emeril's New Orleans Fish House,Las Vegas,Clark,,2020
9/15/2020,9/30/2020,Layoff,73,Delmonico Steakhouse,Las Vegas,Clark,,2020
9/17/2020,11/18/2020,Layoff,110,"Papillon Airways, Inc.","BC, LV",Clark,,2020
9/17/2020,11/13/2020,Layoff,116,Main Street Station,Las Vegas,Clark,,2020
9/17/2020,10/26/2020,Layoff,161,Amentum - CTTR,"Fa, LV","Ch, Cl",,2020
9/17/2020,11/13/2020,Layoff,168,California Hotel and Casino,Las Vegas,Clark,,2020
9/18/2020,3/23/2020,Reduced,75,P.F. Chang's China Bistro,Las Vegas,Clark,,2020
9/18/2020,3/23/2020,Reduced,75,P.F. Chang's China Bistro,Reno,Washoe,,2020
9/18/2020,3/23/2020,Reduced,75,P.F. Chang's China Bistro,Las Vegas,Clark,,2020
9/18/2020,3/23/2020,Reduced,75,P.F. Chang's China Bistro,Las Vegas,Clark,,2020
9/18/2020,9/23/2020,Layoff,1,"The Freeman Company, LLC",Las Vegas,Clark,,2020
9/18/2020,3/23/2020,Reduced,75,P.F. Chang's China Bistro,Henderson,Clark,,2020
9/18/2020,9/23/2020,Layoff,164,"Freeman Expositions, LLC",Las Vegas,Clark,,2020
9/18/2020,9/23/2020,Layoff,1,"Freeman Expositions, LLC",Las Vegas,Clark,,2020
9/18/2020,9/23/2020,Layoff,34,"Freeman Audio Visual, LLC",Las Vegas,Clark,,2020
9/18/2020,11/15/2020,Layoff,154,"Nugget Sparks, LLC",Sparks,Washoe,,2020
9/18/2020,9/23/2020,Layoff,42,"The Freeman Company, LLC",Las Vegas,Clark,,2020
9/21/2020,9/21/2020,Layoff,107,"Production Resource Group, LLC",Las Vegas,Clark,,2020
9/28/2020,10/25/2020,Layoff,52,Milos Las Vegas,Las Vegas,Clark,,2020
9/29/2020,10/4/2020,Layoff,58,"ABM, Inc.",Las Vegas,Clark,,2020
10/6/2020,9/30/2020,Layoff,2,Buddha Entertainment,Las Vegas,Clark,,2020
10/6/2020,9/30/2020,Layoff,1,Strip View Entertainment,Las Vegas,Clark,,2020
10/6/2020,9/30/2020,Layoff,1,Guapo Bodega LV,Las Vegas,Clark,,2020
10/6/2020,9/30/2020,Layoff,4,Asia Las Vegas,Las Vegas,Clark,,2020
10/6/2020,9/30/2020,Layoff,74,Bright Horizons,Las Vegas,Clark,,2020
10/6/2020,9/30/2020,Layoff,6,Roof Deck Entertainment,Las Vegas,Clark,,2020
10/7/2020,10/8/2020,Layoff,50,"Allegiant Air, LLC",Las Vegas,Clark,,2020
10/12/2020,10/15/2020,Layoff,110,Tropicana Las Vegas,Las Vegas,Clark,,2020
10/12/2020,1/15/2021,Layoff,57,Tropicana Las Vegas,Las Vegas,Clark,,2020
10/12/2020,12/16/2020,Layoff,53,Eiffel Tower Restaurant,Las Vegas,Clark,,2020
10/12/2020,12/16/2020,Layoff,96,Mon Ami Gabi,Las Vegas,Clark,,2020
10/14/2020,9/12/2020,Layoff,4,Wyndham Vacation Ownership - Harrahs,Las Vegas,Clark,,2020
10/14/2020,9/11/2020,Layoff,1,Wyndham Vacation Ownership - Grand Desert,Las Vegas,Clark,,2020
10/16/2020,3/26/2020,Layoff,180,Aramark at Park Theater,Las Vegas,Clark,,2020
10/16/2020,3/26/2020,Layoff,164,Aramark at MGM Grand Garden Arena,Las Vegas,Clark,,2020
10/23/2020,12/23/2020,Layoff,132,Tropicana Las Vegas,Las Vegas,Clark,,2020
10/23/2020,12/21/2020,Layoff,236,M Resort Spa Casino,Henderson,Clark,,2020
10/23/2020,12/23/2020,Layoff,17,Tropicana Las Vegas,Las Vegas,Clark,,2020
10/29/2020,12/24/2020,Closure,161,OptumRx,Las Vegas,Clark,,2020
10/30/2020,1/1/2021,Layoff,163,Smith Center,Las Vegas,Clark,,2020
11/13/2020,3/1/2020,Layoff,65,Sodexo - UNR,Reno,Washoe,,2020
11/18/2020,1/25/2021,,,Southwest Airlines - WARN Rescinded 1/8/21,Las Vegas,Clark,,2020
11/30/2020,1/31/2021,Layoff,253,DynCorp International,Fallon,Churchill,,2020
12/3/2020,3/15/2021,,,Southwest Airlines - WARN Rescinded 1/8/21,Las Vegas,Clark,,2020
12/5/2020,12/6/2020,Layoff,8,HUDL Brewing Company,Las Vegas,Clark,,2020
12/9/2020,12/9/2020,Layoff,65,Brady Linen - Foremaster,Las Vegas,Clark,,2020
12/16/2020,12/16/2020,Layoff,84,Brady Linen - Foremaster,Las Vegas,Clark,,2020
12/17/2020,3/19/2021,Layoff,1,CalAmp,Henderson,Clark,,2020
12/26/2021,2/25/2022,Layoff,36,Rawhide Mine,Fallon,Churchill,,2022
1/18/2022,4/9/2022,Closure,176,"Sodexo, Inc.",Las Vegas,Clark,,2022
2/3/2022,1/25/2022,Closure,7,Jones Sign,Reno,Washoe,,2022
2/15/2022,2/25/2022,Closure,31,Quality Transportation,Battle Mountain,Lander,,2022
2/18/2022,2/16/2022,Closure,76,Norgren Kloehn/ IMI Precision Engineering,Las Vegas,Clark,,2022
2/18/2022,2/18/2022,Layoff,26,Hyperloop Technologies dba Virgin Hyperloop,Moapa,Clark,,2022
3/2/2022,4/1/2022,Closure,20,Bentley Heritage,Minden,Douglas,,2022
2/24/2022,7/30/2022,Closure,55,Radial Inc.,Sparks,Washoe,,2022
3/8/2022,3/8/2022,Closure,5,"Empienda, LLC",Reno,Washoe,,2022
3/10/2022,2/16/2022,Closure,3,Ready Responders Inc.,Reno,Washoe,,2022
3/30/2022,5/30/2022,Closure,113,"TouchPoint Contract Centers, LLC",Henderson,Clark,,2022
4/4/2022,7/31/2022,Closure,69,Thrift Books,Reno,Washoe,,2022
4/13/2022,6/4/2022,Closure,147,Draken US,Las Vegas,Clark,,2022
4/19/2022,4/30/2022,Closure,15,Wet Hen Café,Reno,Washoe,,2022
4/19/2022,4/30/2022,Closure,30,West Elm (Williams Sonoma),Reno,Washoe,,2022
4/27/2022,6/30/2022,Closure,40,S.O.C. LLC,Hawthorne,Mineral,,2022
5/4/2022,6/1/2022,Closure,100,ExpressJet Airlines LLC,Reno,Washoe,,2022
5/24/2022,7/17/2022,Closure,35,Service Response Partners,Reno,Washoe,,2022
6/14/2022,6/16/2022,Layoff,10,ShipFushion Inc.,N. Las Vegas,Clark,,2022
6/20/2022,6/20/2022,Layoff,20,Robert Martinez Agency LLC,Henderson,Clark,,2022
7/13/2022,7/13/2022,Layoff,32,Nevada Copper Inc.,Yerington,Lyon,,2022
7/22/2022,7/25/2022,Closure,64,Celsius Network LLC,Las Vegas,Clark,,2022
7/26/2022,7/26/2022,Layoff,80,Trex Company,Fernley,Lyon,,2022
7/29/2022,8/1/2022,Closure,14,Ana's Café LLC,Fallon,Churchill,,2022
7/18/2022,7/31/2022,Layoff,40,Zenetex LLC,Fallon,Churchill,,2022
8/25/2022,8/17/2022,Closure,72,Multi‐Color Corporation dba MCC Label,Sparks,Washoe,,2022
9/7/2022,9/6/2022,Closure,74,The Recon Group DBA goTRG,N. Las Vegas,Clark,,2022
9/14/2022,8/31/2022,Closure,10,Local Press LLC,Las Vegas,Clark,,2022
9/14/2022,8/15/2022,Closure,100,Save Mart,Reno,Washoe,,2022
9/14/2022,9/26/2022,Layoff,25,Blossom Bariatrics,Las Vegas,Clark,,2022
9/19/2022,9/21/2022,Closure,30,Bed Bath & Beyond,Sparks,Washoe,,2022
9/13/2022,9/1/2022,Closure,50,Claim Jumper,Reno,Washoe,,2022
9/20/2022,9/21/2022,Closure,25,Textbook Brokers Inc.,Reno,Washoe,,2022
9/21/2022,10/31/2022,Closure,8,Wolf Pack Meats DBA UNR,Reno,Washoe,,2022
9/21/2022,9/30/2022,Closure,5,Sand Hill Dairy,Fallon,Churchill,,2022
10/13/2022,10/12/2022,Layoff,300,Clear Capital,Reno,Washoe,,2022
11/9/2022,11/9/2022,Layoff,50,Panorama Mortgage Group,Las Vegas,Clark,,2022
11/17/2022,11/17/2022,Layoff,5,Ham & More‐ Weinerschnitzel,Reno,Washoe,,2022
11/21/2022,11/21/2022,Closure,31,Jones Family of Companies,Las Vegas,Clark,,2022
12/1/2022,12/1/2022,Layoff,6,Hyperloop Technologies dba Virgin Hyperloop,Moapa,Clark,,2022
12/5/2022,12/5/2022,Closure,100,Wireless Advocates,Reno,Washoe,,2022
12/7/2022,12/7/2022,Layoff,1,Rume Health LLC,Las Vegas,Clark,,2022
12/20/2022,12/20/2022,Layoff,24,Legacy Supply Chain Services,Reno,Washoe,,2022
1/3/2023,3/4/2023,Closure,116,Custom Ink,Reno,Washoe,WARN,2023
1/5/2023,1/5/2023,Layoff,81,Monitronics International dba Brinks Home,Las Vegas,Clark,WARN,2023
1/5/2023,1/6/2023,Layoff,119,United Rentals,Las Vegas,Clark,WARN,2023
1/10/2023,3/11/2023,Closure,970,Desert Springs Hospital DBA Desert Springs Medical Group,Las Vegas,Clark,WARN,2023
1/11/2023,1/13/2023,Layoff,1,Specialized Bicycle Components,Las Vegas,Clark,WARN,2023
1/17/2023,1/13/2023,Layoff,61,Nevada Heart and Vascular Center,Las Vegas,Clark,WARN,2023
1/16/2023,1/17/2023,Layoff,1,Chipper Cash,Las Vegas,Clark,WARN,2023
2/22/2023,2/26/2023,Layoff,2,Rume Medical Group,Henderson,Clark,WARN,2023
2/28/2023,4/25/2023,Layoff,1,"Hyperloop Technologies, Inc.",Las Vegas,Clark,WARN,2023
3/20/2023,5/19/2023,Closure,218,"Jerritt Canyon Gold, LLC",Elko,Elko,WARN,2023
3/22/2023,6/3/2023,Closure,306,"Chewy, Inc.",McCarran,Washoe,WARN,2023
4/6/2023,4/6/2023,Layoff,90,Smaill Mine Development,Elko,Elko,WARN,2023
3/24/2023,5/26/2023,Layoff,184,Aspiration,Reno,Washoe,WARN,2023
4/6/2023,6/1/2023,Closure,708,Keolis Transit America,Las Vegas,Clark,WARN,2023
4/16/2023,8/20/2023,Closure,436,David's Bridal,Las Vegas,Clark,WARN,2023
4/25/2023,7/26/2023,Closure,60,Bed Bath and Beyond,Las Vegas,Clark,WARN,2023
4/26/2023,6/30/2023,Closure,6,Marco Rubber and Plastic,Las Vegas,Clark,WARN,2023
4/28/2023,6/28/2023,Layoff,9,"Makita U.S.A, Inc.",Las Vegas/Reno,Clark/Washoe,WARN,2023
4/28/2023,7/1/2023,Closure,NR,"MV Transportation, Inc.",Las Vegas,Clark,WARN,2023
5/1/2023,4/30/2023,Layoff,49,"Enrollease, Inc.",Las Vegas,Clark,WARN,2023
5/2/2023,7/1/2023,Layoff,4,"Hyperloop Technologies, Inc.",Moapa,Clark,WARN,2023
5/2/2023,7/1/2023,Closure,83,"Pitney Bowes, Inc.",Sparks,Washoe,WARN,2023
5/24/2023,6/30/2023,Layoff,27,Aspiration,Reno,Washoe,WARN,2023
5/30/2023,7/31/2023,Layoff,67,Saint Mary's Regional Center,Reno,Washoe,WARN,2023
6/7/2023,8/14/2023,Layoff,73,"Los Angeles Times Communications, LLC",Las Vegas,Clark,WARN,2023
6/14/2023,6/14/2023,Layoff,2,"Bitwise Industries, Inc.",Las Vegas/Reno,Clark/Washoe,WARN,2023
6/16/2023,8/15/2023,Layoff,2,"Prime Healthcare Services-Reno, LLC",Reno,Washoe,WARN,2023
6/16/2023,8/18/2023,Closure,100,"Aruze Gaming America, Inc.",Las Vegas,Clark,WARN,2023
7/10/2023,9/6/2023,Layoff,16,"PBS West, LLC",Reno,Washoe,WARN,2023
7/28/2023,9/30/2023,Closure,160,"LeafFilter North, LLC",Las Vegas/Sparks,Clark/Washoe,WARN,2023
7/30/2023,7/30/2023,Closure,255,Yellow Corporation,Las Vegas/Sparks/Elko,Clark/Washoe/Elko,WARN,2023
8/2/2023,10/1/2023,Closure,1552,"Rio Properties, LLC",Las Vegas,Clark,WARN,2023
8/11/2023,9/30/2023,Closure,73,"Centerra Group, LLC",Las Vegas,Clark,WARN,2023
8/11/2023,10/11/2023,Layoff,152,WynnBET,Las Vegas,Clark,WARN,2023
8/31/2023,11/29/2023,Layoff,23,Saint Mary's Regional Center,Reno,Washoe,WARN,2023
9/5/2023,12/31/2023,Closure,NR,"American Nursery Services, Inc.",Carson City,Carson,WARN,2023
9/14/2023,9/14/2023,Closure,62,Prime Trust,Las Vegas,Clark,WARN,2023
9/26/2023,9/27/2023,Closure,87,"Berry Global, Inc.",Jean,Clark,WARN,2023
10/10/2023,3/29/2024,Closure,77,Knowles Precision Devices,Minden,Douglas,WARN,2023
10/16/2023,10/31/2023,Closure,182,Controlled Contamination Services,Sparks,Washoe,WARN,2023
10/19/2023,12/21/2023,Closure,103,"TemperPack Technologies, Inc.",Reno,Washoe,WARN,2023
10/26/2023,12/15/2023,Closure,18,Cygnus Home Services,Reno/Las Vegas,Washoe/Clark,WARN,2023
11/7/2023,12/30/2023,Layoff,1,"Hyperloop Technologies, Inc.",Moapa,Clark,WARN,2023
11/20/2023,1/17/2023,Closure,40,Death in the Afternoon,Las Vegas,Clark,WARN,2023
11/28/2023,1/29/2024,Closure,44,HMI Glass,Verdi,Washoe,WARN,2023
12/6/2023,3/21/2024,Closure,43,OIA Global,Las Vegas,Clark,WARN,2023
12/7/2023,2/5/2024,Layoff,2,Saint Mary's Regional Medical Center,Reno,Washoe,WARN,2023
12/7/2023,2/7/2024,Closure,273,"Zulily, LLC",McCarran,Lyon,WARN,2023
1/1/2024,3/1/2024,Closure,55,"National Aviation Services, LLC",Las Vegas,Clark,WARN,2024
1/9/2024,3/31/2024,Closure,53,"Trademark Global, LLC",Reno,Washoe,WARN,2024
1/16/2024,3/18/2024,Closure,79,"Dura-Line, LLC",Sparks,Washoe,WARN,2024
1/16/2024,3/16/2024,Closure,117,"The Service Companies, INC.",Stateline,Douglas,WARN,2024
1/16/2024,3/16/2024,Closure,209,"The Service Companies, INC.",Laughlin,Clark,WARN,2024
1/18/2024,3/18/2024,Layoff,84,"ABM Industy Groups, LLC",Las Vegas,Clark,WARN,2024
1/23/2024,1/24/2024,Layoff,28,"eBay, Inc",Las Vegas,Clark,WARN,2024
1/23/2024,3/25/2024,Layoff,1,Los Angeles Times,Las Vegas,Clark,WARN,2024
1/29/2024,4/2/2024,Layoff,744,"Tropicana Las Vegas,Inc.",Las Vegas,Clark,WARN,2024
1/30/2024,3/30/2024,Layoff,4,"Block, Inc.",Henderson,Clark,WARN,2024
2/22/2024,4/22/2024,Layoff,69,Elite Line Services,Henderson,Clark,WARN,2024
2/22/2024,4/22/2024,Layoff,76,Elite Line Services,Las Vegas,Clark,WARN,2024
2/22/2024,4/22/2024,Layoff,23,Elite Line Services,North Las Vegas,Clark,WARN,2024
2/22/2024,4/22/2024,Layoff,75,Elite Line Services,Las Vegas,Clark,WARN,2024
2/28/2024,4/29/2024,Layoff,NR,"Certified Aviation Services, LLC",Las Vegas,Clark,WARN,2024
3/12/2024,5/3/2024,Layoff,37,"The Works Entertainment Newco, LLC",Las Vegas,Clark,WARN,2024
3/25/2024,5/15/2024,Closure,188,IMCMV LV LLC (Margaritaville),Las Vegas,Clark,WARN,2024
3/26/2024,5/26/2024,Closure,75,"FM Restaurant HQ, LLC (rescinded by employer 5/28/2024)",Las Vegas,Clark,WARN,2024
4/1/2024,5/31/2024,Closure,1,"Volta Charging Industries, LLC",Las Vegas,Clark,WARN,2024
4/5/2024,6/15/2024,Closure,127,"Convey Health Solutions, INC.",Las Vegas,Clark,WARN,2024
4/10/2024,7/7/2024,Closure,204,"Cirque du Soleil Nevada Newco, Inc.",Las Vegas,Clark,WARN,2024
4/19/2024,6/14/2024,Layoff,693,"Tesla, Inc.",Sparks,Washoe,WARN,2024
4/29/2024,7/3/2024,Closure,NR,"99 Cent Only Stores, LLC",Multiple,"Washoe, Clark, Carson",WARN,2024
5/7/2024,7/6/2024,Layoff,129,Motional AD Inc.,Las Vegas,Clark,WARN,2024
5/10/2024,7/9/2024,Closure,94,Holsteins (Local Grown LLC),Las Vegas,Clark,WARN,2024
5/15/2024,7/17/2024,Closure,3350,"The Mirage Casino-Hotel, LLC",Las Vegas,Clark,WARN,2024
5/17/2024,7/17/2024,Closure,40,Still LLC,Las Vegas,Clark,WARN,2024
6/10/2024,8/9/2024,Layoff,117,Nevada Copper INC,Yerington,Lyon,WARN,2024
6/7/2024,8/4/2024,Layoff,51,"The Service Companies, INC.",Primm,Clark,WARN,2024
7/2/2024,10/1/2024,Closure,130,Wells Fargo Bank NA,Las Vegas,Clark,WARN,2024
7/31/2024,9/2/2024,Closure,20,Amentum,Fallon,Lyon,WARN,2024
8/1/2024,9/30/2024,Closure,70,"FM Restaurant HQ, LLC",Las Vegas,Clark,WARN,2024
8/7/2024,8/7/2024,Layoff,72,Procaps Laboratories,Henderson,Clark,WARN,2024
8/27/2024,12/10/2024,Closure,261,Wellpath Recovery Solutions LLC,Las Vegas,Clark,WARN,2024
9/5/2024,,Closure,,Lumber Liquidators INC,Reno/Henderson/Las Vegas,Washoe/Clark,WARN,2024
9/9/2024,9/9/2024,Layoff,1,Lost Boys Interactive LLC,Reno,Washoe,WARN,2024
10/31/2024,10/29/2024,Layoff,79,Wells Fargo Bank NA,Las Vegas,Clark,WARN,2024
11/25/2024,1/1/2024,Layoff,4,Mountain Valley Express,Reno,Washoe,WARN,2024
12/3/2024,12/29/2024,Closure,801,"MV Contract Transportation, INC.",Las Vegas,Clark,WARN,2024
12/18/2024,12/17/2024,Closure,55,Tough Turtle Turf,Las Vegas,Clark,WARN,2024
12/20/2024,2/19/2025,Layoff,4,"Vimo Inc, DBA GetInsured.",Las Vegas,Clark,WARN,2024
12/30/2024,2/19/2025,Layoff,1,"D&A Consulting Services, DBA GetInsured",Las Vegas,Clark,WARN,2024
1/29/2025,2/3/2025,Closure,257,"BEARS, LLC(dba Black Bear Diner)",Carson City,Carson,Non-WARN,2025
1/30/2025,1/31/2025,Closure,12,All Taken Inc.(dba Wienerschnitzel),Reno,Washoe,Non-WARN,2025
2/14/2025,Unknown,Closure,Unknown,JoAnn Stores LLC(dba Jo-Ann Fabrics),Carson City/Elko/R,Carson/Elko/Wash,Non-WARN,2025
2/20/2025,3/31/2025,Closure,1102,Levy Premium Foodservice LP(dba Levy at Allegiant Stadium),Las Vegas,Clark,WARN,2025
2/24/2025,Multiple,Closure,23,FirstService Residential,Las Vegas,Clark,WARN,2025
3/11/2025,3/30/2025,Layoff,25,Luxor,Las Vegas,Clark,Non-WARN,2025
3/11/2025,3/30/2025,Layoff,16,Excalibur,Las Vegas,Clark,Non-WARN,2025
2/24/2025,Unknown,Closure,36,"F21 Opcco, LLC dba Forever 21",Reno/Sparks,Washoe,Non-WARN,2025
3/17/2025,6/30/2025,Closure,1,BH Security (DBA Brinks Home),Las Vegas,Clark,WARN,2025
3/26/2025,5/24/2025,Layoff,3,"Block, Inc (dba Block)",unknown,unknown,WARN,2025
3/31/2025,5/30/2025,Closure,57,The HC Companies (HC Companies),Sparks,Washoe,WARN,2025
4/23/2025,6/2/2025,Closure,65,"PrimeSource Building Products, Inc.",Carson City,Carson,WARN,2025
5/5/2025,5/29/2025,Layoff,133,"Tilson Technology Management, Inc.",Las Vegas,Clark,WARN,2025
5/14/2025,7/7/2025,Closure,45,Hogs & Heifers of Las Vegas,Las Vegas,Clark,Non-WARN,2025
5/14/2025,5/18/2025,Closure,unknown,Mr Chow(Caesars Palace),Las Vegas,Clark,Non-WARN,2025
5/15/2025,5/15/2025,Closure,86,"Bahama Breeze(the ""Company"")",Las Vegas,Clark,WARN,2025
5/29/2025,8/16/2025,Closure,24,Nordstrom,Remote,Remote,WARN,2025
6/2/2025,8/2/2025,Closure,325,Amazon,Reno,Washoe,WARN,2025
6/6/2025,6/5/2025,Closure,20+,"Sierra Helath and Wellness Centers, LLC",Reno,Washoe,Non-WARN,2025
6/12/2025,8/15/2025,Closure,45,"System Consultants, Inc",Fallon,Churchill,Non-WARN,2025
6/27/2025,9/1/2025,Closure,149,"Elko Bus Lines, LLC",Elko,Elko,WARN,2025
7/7/2025,7/3/2025,Closure,19,"Quality Built, LLC",Remote,Remote,WARN,2025
7/11/2025,7/31/2025,Closure,2,Fastenal,Winnemucca,Humbolt,Non-WARN,2025
7/14/2025,8/30/2025,Closure,unknown,Mellow Fellow,Reno,Washoe,Non-WARN,2025
7/18/2025,8/11/2025,Closure,50,KIRA Training Services,Fallon,Churchill,WARN,2025
7/16/2025,8/24/2025,Closure,35,Scolari's Warehouse Markets In(Scolaris Food and Drug Company,Sun Valley and Spa,Washoe,Non-WARN,2025
7/21/2025,7/20/2025,Closure,70,Blue Martini,Las Vegas,Clark,Non-WARN,2025
7/25/2025,7/30/2025,Closure,10,American Reeling Devices,Dayton,Lyon,Non-WARN,2025
7/29/2025,9/30/2025,Closure,126,Poker Palace,North Las Vegas,Clark,WARN,2025
7/31/2025,9/29/2025,Layoff,77,Ayr Wellness (DBA BP Solutions LLC) Crane Way Location,Sparks,Washoe,WARN,2025
7/31/2025,9/29/2025,Layoff,5,Ayr Wellness (DBA BP Solutions LLC) Hymer Ave Location,Sparks,Washoe,WARN,2025
8/4/2025,10/3/2025,Closure,53,Ingram Micro Inc.,Las Vegas,Clark,WARN,2025
8/7/2025,10/7/2025,Closure,154,SA Autmotive,Reno,Washoe,WARN,2025
8/18/2025,10/31/2025,Layoff,1,"Zeco Systems, Inc. (DBA Shell Recharge Solutions)",Remote,Remote,WARN,2025
8/21/2025,11/15/2025,Closure,27,Nordstrom,Remote,Remote,WARN,2025
8/30/2025,11/3/2025,Closure,344,"Drai's Management Group, LLC",Las Vegas,Clark,WARN,2025
8/30/2025,11/3/2025,Closure,7,"Drai's After Hours, LLC",Las Vegas,Clark,WARN,2025
9/16/2025,Jun-26,Closure,70,XS Nightclub(Wynn Las Vegas),Las Vegas,Clark,Non-WARN,2025
9/26/2025,11/18/2025,Closure,79,Carlos'n Charlie's,Las Vegas,Clark,WARN,2025
9/29/2025,12/1/2025,Layoff,393,Spirit Airlines Inc,Las Vegas,Clark,WARN,2025
10/9/2025,12/12/2025,Closure,119,POST Consumer Brands,Sparks,Washoe,WARN,2025
10/15/2025,10/3/2025,Layoff,31,Unimacts Golbal LLC,Las Vegas,Clark,Non-WARN,2025
10/7/2025,9/29/2025,Layoff,5,JR Simplot Co.,Winnemucca,Humbolt,Non-WARN,2025
10/20/2025,Unknown,Closure,Unknown,Starbucks Corporation,Las Vegas,Clark,Non-WARN,2025
10/20/2025,Unknown,Layoff,Unknown,Las Vegas Sands Corp,Las Vegas,Clark,Non-WARN,2025
10/31/2025,1/1/2026,Layoff,32,Spirit Airlines Inc,Las Vegas,Clark,WARN,2025
11/12/2025,11/12/2025,Layoff,21,Diamond Plastics CO.,Golconda,Humboldt,Non-WARN,2025
11/17/2025,2/21/2026,Layoff,43,Nordstrom Credit Operations,Remote,Remote,WARN,2025
11/19/2025,9/5/2025,Layoff,12,Trump International Hotel Las Vegas,Las Vegas,Clark,Non-WARN,2025
11/19/2025,11/5/2025,Closure,35,Run Walk 1 LLC (DBA Walk Ons Sports Bistreaux),Las Vegas,Clark,Non-WARN,2025
12/4/2025,1/27/2026,Layoff,79,Turnkey One Source,Las Vegas,Clark,WARN,2025
1/8/2025,3/10/2026,Layoff,3,SMBC Manubank,Remote,Remote,Non-WARN,2026
1/22/2026,3/15/2026,Layoff,1,Spirit Airlines,Las Vegas,Clark,WARN,2026
1/29/2026,3/31/2026,Layoff,1,Shell Recharge Solutions,Remote,Remote,WARN,2026
1/27/2026,1/27/2026,Layoff,35,Ace Dragon Wok(WAA Hospitality LLC),Las Vegas,Clark,Non-WARN,2026
2/26/2026,4/30/2026,Layoff,70,Boulder City Hospital,Boulder City,Clark,WARN,2026
2/27/2026,4/30/2026,Layoff,209,"SK Food Group, Inc.",Reno,Washoe,WARN,2026
2/24/2026,4/1/2026,Closure,27,Water Safety Corporation,Reno,Washoe,Non-WARN,2026
3/2/2026,5/1/2026,Closure,113,iHerb,Las Vegas,Clark,WARN,2026
3/5/2026,5/4/2026,Layoff,22,Liberty Dental Plan,Las Vegas,Clark,WARN,2026
3/6/2026,5/31/2026,Closure,70,Saks & Company,Las Vegas,Clark,WARN,2026
3/11/2026,3/6/2026,Layoff,1,C2 technologies,Las Vegas,Clark,WARN,2026
4/6/2026,4/26/2026,Closure,unknown,Dig It Coffee Co,Las Vegas,Clark,Non-WARN,2026
5/4/2026,5/2/2026,Closure,999,Spirit Airlines,Las Vegas/Reno,Clark/Washoe,WARN,2026
5/5/2026,7/4/2026,Closure,344,Primadonna Co LLC,Primm,Clark,WARN,2026
,,Layoff,162,Intuit Inc,Reno,Washoe,WARN,2026
6/26/2026,8/25/2028,Layoff,61,"FTGU, LLC",Las Vegas,Clark,WARN,2026
6/29/2026,8/28/2026,Layoff,5,Conduent,Remote,Remote,WARN,2026
