received,employer,city,region,layoff_dates,employees
07/07/2021 - (08/30/2021),Sodexo @ Suffolk University,Boston,Boston,2021-07-31,74
2021-08-13,"A. Russo & Sons, Inc.",Watertown,Boston,2021-10-12,239
2021-09-10,"Human Service Option, Inc.",Dedham/Multiple Southeast locations,Boston,2021-11-01,207 total locations
2021-11-22,"Flexion Therapeutics, Inc. (""Flexion"")",Burlington,Boston,2022-01-18,110
2021-11-29,"Decipher Pharmaceuticals, LLC",Waltham,Boston,2022-01-29,116
2022-01-26,"ABM Aviation, Delta Catering",Boston,Boston,2022-03-25,219
2022-03-16,"Merck & Co., Inc. (""Merck""); Merck Sharp & Dohme Corp.; Acceleron Pharma Inc. (""Acceleron"")",Cambridge,Boston,5/31/22-11/18/22,170
2022-04-01,Back2BU Healthway @ Boston University,Boston (Multiple Locations),Boston,2022-05-31,175 Total /all locations
2022-04-01,Back2BU Healthway @ Boston University,Brookline (2) locations,Boston,2022-05-31,175 Total /all locations
2022-04-11,"Akebia Therapeutics, Inc. (""Akebia"")",Cambridge,Boston,2022-04-15,181 (total) 91 in MA
2022-04-25,Boston Hard Rock Cafe,Boston,Boston,2022-06-26,44
2022-04-29,"Tufts Medical Center, Inc.",Boston (Multiple Locations),Boston,2022-07-01,118
2022-06-02,"Daily Grommet, Inc.",Somerville,Boston,6/30/2022; 7/31/2022,44
2021-10-08,Valdilvia Logistics LLC,Milford,Central,2021-10-16,52
2022-04-21,Durham School Services,Worcester,Central,2022-06-20,181
2021-09-16,XERJ Logistics LLC,Canton,Metro Southwest,2021-09-30,59
2021-11-03,Muzi Motors,Needham Heights,Metro Southwest,11/31/2021,91
2021-04-19,"Hilsinger Company Parent, LLC (d/b/a Hilco Vision)",Plainville,Metro Southwest,6/24/2022 - 7/22/2022,75
2022-04-25,Sodexo @ Brandeis University,Waltham,Metro Southwest,2022-06-30,171
2022-05-24,"Neiman Marcus Group, LLC",Natick,Metro Southwest,7/23/22 - 9/14/22,
2022-07-09,*UDATED* Schneider Electric,Foxboro,Southeast,2021-09-07,9
2021-08-26,*UDATED* Schneider Electric,Foxboro,Southeast,2021-10-25,15
2021-09-10,"Human Service Option, Inc.","Randolph, Cohasset, Weymouth",Southeast,2021-11-01,207 total - to include Dedham location
2021-09-16,ACG Delivery LLC,Middleborough,Southeast,2021-09-30,71
2021-09-30,*UPDATED* Schneider Electric 5th Notice,Foxboro,Southeast,2021-11-29,3
2021-10-27,*UPDATED* Schneider Electric 6th Notice,Foxboro,Southeast,2021-12-31,14
2021-11-01,Pilgrim Nuclear Power Plant,Plymouth,Southeast,2022-01-06,102
2021-11-23,*UPDATED* Schneider Electric 7th Notice,Foxboro,Southeast,2022-01-21,9
2021-12-13,"Lockheed Martin Sippican Corporation, Rotary and Missions Systems",Marion,Southeast,2022-02-24,84
2022-01-18,*UPDATED* Schneider Electric 8th Notice,Foxboro,Southeast,2022-03-15,3
2022-02-10,Roche Brothers Supermarket Company,Quincy,Southeast,2022-04-11,t/b/c
2022-03-01,*UPDATED* Schneider Electric 9th Notice,Foxboro,Southeast,2022-04-29,4
2022-05-13,Talbot's Inc./Talbot's Distribution Center,Lakeville,Southeast,Three stages: commencing on 7/9/2022 and concluding 11/11/2022,277
2022-06-08,Solar Seal LLC,South Easton,Southeast,2022-08-05,The current company headcount minus employees who have less than 6 months working at the company = 72
2022-02-09,"Peloton Interactive, Inc.",Billerica,Northeast,2022-02-08,64
2021-12-03,"Berkshire Health Systems, Inc.","Pittsfield, MA",West,2022-02-01,94
2021-12-07,"Leoni Wire, Inc.","Chicopee, MA",West,2022-02-04,79
2022-07-14,H3 Biomedicine Inc.,Cambridge,Boston,2022-09-15,79
2022-08-19,"Wayfair, LLC",Boston,Boston,2022-10-19,540
2022-09-13,"Rubius Therapeutics, Inc.",Cambridge,Boston,11/15/2022 - 12/31/2022,80
2022-10-21,"Starry, Inc.",Boston,Boston,2022-10-21,143
2022-10-26,"Cybereason, Inc.",Boston,Boston,2022-12-27,120 (25 reside in MA)
2022-11-03,"UPDATED Rubius Therapeutics, Inc.",Cambridge,Boston,11/15/2022 - 1/31/2023,48
2022-11-04,"Twitter, Inc.",Boston,Boston,2023-01-04,55
2022-11-25,"Twitter, Inc. (Supplemental)",Boston,Boston,2023-01-20,18 Voluntary Resignations
2022-12-01,"Quad/Graphics, Inc.",Woburn,Boston,2/1/2023-4/1/2023,108
2022-12-01,SQZ Biotechnologies Company,Watertown,Boston,2023-01-30,70 - 80
2023-01-05,SunSetter Products LP,Malden,Boston,2023-03-07,54
2023-01-18,"UPDATED Starry, Inc.",Boston,Boston,2023-01-23,57
2023-01-20,"Wayfair, LLC",Boston,Boston,2023-03-20,932
2023-02-16,"Critical Ideas, Inc. d/b/a Chipper Cash",Medford,Boston,2023-02-17,1
2023-02-18,"Resilience US, Inc.",Allston,Boston,4/15/2023 - 6/15/2023,213
2023-02-22,"Jounce Therapeutics, Inc.",Cambridge,Boston,3/15/2023-3/31/2023,77
2023-02-24,MassBiologics,Mattapan,Boston,2023-04-28,26
2023-03-06,"UPDATED Sunsetter Products, LP",Malden,Boston,3/7/2023 - 6/30/2023,54
2023-04-06,"Pear Therapeutics (US), Inc.",Boston,Boston,2023-04-07,78
2023-04-14,David's Bridal,Westwood,Boston,4/14/2023 - 8/11/2023,work in progress
2023-04-14,David's Bridal,Natick,Boston,4/14/2023 - 8/11/2023,work in progress
2023-05-01,"Takeda Development Centers America, Inc. (""Takeda"")",Cambridge,Boston,To begin early 7/2023 and will be completed no later than 3/31/2024,Up to 138
2023-05-01,"Takeda - Shire Human Genetic Therapies Inc. (""SHGT"")""",Cambridge,Boston,To begin early 7/2023 and will be completed no later than 12/2023,5
2023-05-01,"Takeda - Shire Human Genetic Therapies Inc. (""SHGT"")",North Reading,Boston,To begin early 7/2023 and will be completed no later than 12/2023,1
2023-06-01,Path AI,Boston,Boston,2023-07-29,51
2022-08-12,MASIS Staffing Solutions,Worcester,Central,2022-08-05,106
2023-03-08,Quad/Graphics,Leominster,Central,3/8/2023 - 4/29/2023,58
2023-04-24,"Community Healthlink, Inc.",Worcester,Central,,
,"Thayer Detoxification (""Detox"")",Worcester,Central,2023-04-21,39
,"Thayer PASSages (""PASSages"")",Worcester,Central,2023-05-05,21
,"Transitional Support Systems (""TSS"")",Worcester,Central,2023-05-05,18
2022-11-03,"Sumitomo Pharma America Holdings, Inc./Sunovian Pharmaceuticals, Inc.",Marlborough,Metro Southwest,2023-01-13,360
2023-04-27,"Sumitomo Pharma America Holdings, Inc./Sunovian Pharmaceuticals, Inc.",Marlborough,Metro Southwest,2023-06-30,84
2023-04-27,"Sumitomo Pharma Oncology, Inc.",Marlborough,Metro Southwest,2023-06-30,38
2023-04-27,"Sunovian Pharmaceuticals, Inc.",Marlborough,Metro Southwest,2023-06-30,101
2023-04-28,"Makita USA, Inc,",Norwood,Metro Southwest,2023-06-28,4
2023-05-01,"Takeda - Shire Human Genetic Therapies Inc. (""SHGT"")",Lexington,Metro Southwest,To begin early 7/2023 and will be completed no later than 12/2023,42
2023-05-09,"The Rockport Company, LLC",Newton,Metro Southwest,7/8/2023 - 7/22/2023,148
2023-05-31,"Greenlight Biosciences, Inc.",Lexington,Metro Southwest,2023-07-29,96
2022-08-04,Envision Bank,Braintree,Southeast,10/3/2022 - 2/4/2023,2
2022-08-04,Envision Bank,Quincy,Southeast,10/3/2022 - 2/4/2023,33
2022-08-04,Envision Bank,Westport,Southeast,10/3/2022 - 2/4/2023,1
2022-08-04,Envision Bank,Randolph,Southeast,10/3/2022 - 2/4/2023,15
2022-08-04,Envision Bank,Abington,Southeast,10/3/2022 - 2/4/20223,
2022-08-04,Envision Bank,Holbrook,Southeast,2022-11-04,15
2022-08-15,"Lockheed Martin Sippican Corporation, Rotary and Mission Systems",Marion,Southeast,10/27/2022-12/22/2022,80
2022-10-28,Rockland Congruity LLC,Pembroke,Southeast,11/18/2022 - 12/31/2022,23
2022-12-01,"Transdev Services, Inc.","Taunton, Plymouth",Southeast,2023-01-31,137 Total
2022-12-19,Owens & Minor,Franklin,Southeast,2023-02-17,61
2023-03-27,Blue Harvest Fisheries,New Bedford,Southeast,2023-05-26,57
2023-04-14,David's Bridal,North Attelboro,Southeast,4/14/2023 - 8/11/2023,work in progress
2023-04-14,David's Bridal,Dartmouth,Southeast,4/14/2023 - 8/11/2023,work in progress
2023-06-30,Christmas Tree Shops LLC,Middleboro,Southeast,2023-07-07,223
2022-08-03,Envision Bank,Salem,Northeast,10/3/2022 -2/4/2022,4
2022-10-21,"Starry, Inc.",Lowell,Northeast,2022-10-21,32
2022-12-19,"Randstand US, LLC",Danvers,Northeast,2022-12-05,144
2023-01-19,"EMD Serono Research & Development Institute, Inc.",Billerica,Northeast,2023-03-21,133
2023-02-27,"Rousselot, Inc,",Peabody,Northeast,6/30/23 - 12/31/23,84
2023-03-23,"EMD Serono Research & Development Institute, Inc.",Billerica,Northeast,5/22/23 - 6/4/23,6
2023-04-13,David's Bridal,Danvers,Northeast,4/14/2023 - 8/11/2023,work in progress
2022-07-01,Trinity Health at Home,West Springfield,West,2022-09-05,60
2022-10-28,Westover Job Corps Center,Chicopee,West,2022-11-30,41
2022-11-30,Spectrum Plastics Group,Athol,West,2023-03-31,59
2022-02-07,Northeast Health Group d/b/a Chapin Center,Springfield,West,2023-04-07,105
2023-02-07,Northeast Health Group d/b/a Governor's Center,Westfield,West,2023-04-07,55
2022-02-07,Northeast Health Group d/b/a Willimansett Center West,Chicopee,West,2023-04-07,56
2023-02-07,Northeast Health Group d/b/a Willimansett East,Chicopee,West,2023-04-07,104
2023-04-14,David's Bridal,West Springfield,West,4/14/2023 - 8/11/2023,work in progress
2023-04-24,"Community Healthlink, Inc. Thayer Detoxification (""Detox"")",Worcester,West,2023-04-21,39
2023-04-24,"Community Healthlink, Inc. Thayer PASSages(""PASSages"")",Worcester,West,2023-05-05,21
2023-04-24,"Community Healthlink, Inc. Transitional Support Services (""TSS"")",Worcester,West,2023-05-05,18
2023-06-01,Trulieve,Holyoke,West,7/31/2023 and 12/31/2023,90
2023-06-15,Vibra Hospital of Western MA,Springfield,West,2023-08-15,87
2023-06-27,Fresh American LLC (Annie Selk),Pittsfield,West,2023-08-28,50
2023-03-07,"Radius Global Solutions, LLC",Remote Worker/National,Remote/National,2023-04-03,1
2023-03-24,"Aspiration Partners, Inc.",Remote Workers/National,Remote/National,5/6/23 - 6/1/23,180 (1 resides in MA)
2023-04-27,"Transplant Genomics, Inc.",Framingham,Remote/National,2023-04-28,9
2023-04-28,"Makita USA, Inc.",Massachusetts,Remote/National,2023-06-28,3
2023-06-01,Path AI,Boston,Remote/National,2023-07-29,36 (reside in other states/ remote)
2023-06-14,"Bitwise Industries, Inc.",Somerville,Remote/National,2023-06-14,1
2024-06-27,"Takeda Pharmaceuticals USA, Inc.",Cambridge,Boston,Late 8/2024 ending 3/2025,189
2024-06-27,"Takeda Pharmaceuticals USA, Inc.",Lexington,Metro Southwest,Late 8/2044 ending 3/2025,31
2024-06-27,"EMD Serono, Inc,",Rockland,Southeast,2024-09-03,t/b/d
2024-06-17,"Ginkgo Bioworks, Inc.","Boston, Cambridge",Boston,8/16/2024 - 12/31/2024,158
2024-06-14,UMass Chan Medical School,Mattapan,Boston,8/4/2024 and/or 8/30/2024,13
2024-06-13,"Functional Coatings, LLC",Newburyport,Northeast,"Three (3) stages; 9/6/2024, 12/6/2024 and 3/31/2025",73
2024-06-03,"Studentuniverse.com, Inc.",Boston,Boston,8/3/2024 - 3/3/2025,32
2024-06-03,"Ocular Therapeutix, Inc.",Bedford,Metro Southwest,2024-08-02,37
2024-05-21,"Takeda Pharmaceuticals USA, Inc,",Cambridge,Boston,Early 7/2024 to 3/2025,495
2024-05-21,"Takeda Pharmaceuticals USA, Inc,",Lexington,Metro Southwest,Early July 2024 to March 2025,146
2024-05-15,"Sodexo, Inc. and Affiliates - Assumption College",Worcester,Central,2024-05-29,88
2024-04-23,East West Boston LLC,Boston,Boston,2024-06-21,51
2024-04-16,"Mustang Bio, Inc.",Worcester,Central,2024-04-12,47
2024-04-09,Cambridge College,Boston,Boston,2024-06-09,50
2024-04-05,"Sodexo, Inc. and Affiliates - Clark University",Worcester,Central,2024-05-31,154
2024-04-04,"Amylyx Pharmaceuticals, Inc.",Cambridge,Boston,2024-06-03,232
2024-04-03,"Casa Systems, Inc.",Andover,Northeast,"4/5/2024, 6/3/2024",239
2024-04-01,"Volta Charging Industries, LLC","Brookline, Milton, Everett",Remote/National,5/31/1204,3
2024-03-28,"True North Seafood, Inc.",New Bedford,Southeast,On or about 5/28/2024,58
2024-03-25,"Bionano Genomics, Inc,.",MA,Remote/National,2024-05-24,2
2024-03-20,Sodexo/ Stonehill College,North Easton,Southeast,2024-05-20,119
2024-03-19,Excelitas Technologies Corp.,Salem,Northeast,6/28/2024 - 12/31/2024,70
2024-03-04,Whele HR LLC dba Perch,Boston,Boston,"5/6/2024; 5/31/2024; 6/28/2024,;9/6/2024",94
2024-02-29,Baxter Healthcare,Acton,Metro Southwest,5/3/2024 -6/30/2024,59
2024-02-27,Lakeside Book Company,Chelmsford,Northeast,5/10/2024 -5/24/2024,93
2024-02-22,"Broadcom Inc., (together with its subsidiaries, “Broadcom”)",Burlington,Boston,2024-04-26,75
2024-02-20,Brady Solutions,East Weymouth,Southeast,2/12/2024 - 2/25/2024,t/b/d
2024-02-16,*UPDATED: New England Sainai Hospital,Stoughton,Southeast,"Postpone the layoff of remaining 11 employees until March 1, 2024 (or within a 14-day period thereafter)",11
2024-01-31,"Drizly, LLC and Uber Technologies, Inc.",Boston,Boston,Between 4/1/2024 and 9/1/2024 or the 14-day periods beginning on those dates.,168
2024-01-30,"Block, Inc.",MA,Remote/National,2024-03-30,4
2024-01-29,"Wolverine World Wide, Inc.",Waltham,Metro Southwest,2024-03-29,71
2024-01-19,"Wayfair, LLC",Boston,Boston,"On 3/19/2024, or the 14-day period beginning on that date.",936
2024-01-18,Essendant Company,Woburn,Boston,"3/15/2024, 7/1/2024",82
2024-01-13,"Lost Boys Interactive, LLC",MA,Remote/National,2024-03-15,4
2024-01-09,"Graphic Packaging International, LLC",Lowell,Northeast,3/12/2024 - 3/26/2024,71
2024-01-06,"B.L. Collective (Sportello, Menton and Drink)",Boston,Boston,2024-01-05,100
2023-12-15,"JBI Industries, LLC",Chicopee,West,Beginning 2/5/24 and ending 4/12/2024,39
2023-12-12,New England Sainai Hospital,Stoughton,Southeast,2024-02-02,100
2023-12-05,MassBiologics of the UMass Chan Medical School,Mattapan,Boston,2024-02-03,36
2023-11-29,Generation Bio Co.,Cambridge,Boston,1/28/24; 2/29/24; 3/29/24; 4/27/24,66
2023-11-27,Broadcom - VMware,Boston,Boston,2024-01-26,150
2023-11-17,Univerisity of MA Chan Medical School,Worcester,Central,2024-01-21,70
2023-11-02,"Omnicare, Inc.",Peabody,Northeast,2024-01-07,53
2023-11-01,"Seres Therapeutics, Inc.",Cambridge,Boston,T/B/D,50
2023-11-01,"Seres Therapeutics, Inc.",Waltham,Metro Southwest,T/B/D,112
2023-11-01,"Maximus, Inc.",Quincy,Southeast,2023-12-31,75
2023-10-26,CVS Health,Wellesley,Metro Southwest,2023-12-30,1
2023-10-25,"Cygnus Home Service, LLC d/b/a Yelloh",Westfield,West,2023-12-15,4
2023-09-29,First Savings Bank,MA,Remote/National,2023-11-30,1
2023-09-15,"Ambri, Inc.",Marlborough,Metro Southwest,2023-11-13,89
2023-09-15,"Thriveworks Adminstrative Services, LLC",MA,Remote/National,2023-11-30,74
2023-09-13,"2seventy bio, Inc.",Cambridge,Boston,2023-11-17,145
2023-09-11,"Sage Therapeutics, Inc.",Cambridge,Boston,2023-09-08,95
2023-09-07,"Divvy Homes, Inc.",MA,Remote/National,2023-11-07,3
2023-08-31,"Matheson Flight Extenders, Inc.",Chicopee,West,2023-10-30,305
2023-08-30,"Apellis Pharmaceuticals, Inc.",Waltham,Boston,2023-10-30,175
2023-08-23,"Web Industries, Inc.",Holliston,Metro Southwest,10/19/2023 - 12/31/2023,68
2023-08-18,CVS Health,Boston,Boston,2023-10-21,76
2023-08-18,CVS Health,Wellesley,Metro Southwest,2023-10-21,64
2023-08-18,"ImmunityBio, Inc.",MA,Remote/National,2023-10-17,2
2023-08-15,"WayForth, LLC",Boston,Boston,2023-08-18,30
2023-08-15,"WayForth, LLC",Canton,Metro Southwest,2023-08-18,t/b/d
2023-08-09,"Tufts Medical Center, Inc.",Boston,Boston,10/8/2023-10/22/2023,242
2023-08-09,Lowell General Hospital,Lowell,Northeast,10/8/2023-10/22/2023,251
2023-08-09,MelroseWakefield Hospital,Melrose,Northeast,10/8/2023-10/22/2023,81
2023-08-08,"Emergent Biosolutions, Inc.",Canton,Metro Southwest,10/7/23-12/7/23,86
2023-08-01,"*Updated* Trulieve, Inc.",Holyoke,West,7/31/2023 - 10/13/2023,90
2023-07-27,"Mersana Therapeutics, Inc.",Cambridge,Boston,2023-08-15,124
2023-07-17,"G2 Secure Staff, LLC",Boston,Boston,2023-09-13,67
2023-04-05,"Casa Systems, Inc., CAD Business",Andover,Northeast,2024-06-03,6
2025-06-26,"Sage Therapeutics, Inc.",Cambridge,Boston,2025-08-22,338
2025-06-25,Unistress Corp. & Berkshire Concrete Corp.,Pittsfield,West,7/7/2025 - 8/25/2025,233
2025-06-25,First Wave Logistics LLC,Bridgewater,Southeast,6/17/2025 - 7/15/2025,72
2025-06-11,ImmunityBio. Inc.,Woburn,Boston,7/29/2025 - 8/12/2025,3
2025-05-28,"Feeney Brothers Excavation, LLC",Worcester,Central,4/15/2025 - 5/16/2025,76
2025-05-28,"Vor Biopharma, Inc.",Cambridge,Boston,5/8/2025 - 7/15/2025,155
2025-05-23,Brightcove Inc. (Updated),Boston,Boston,5/23/2025 - 8/31/2025,1 additonal
2025-05-20,"Factory Motor Parts (""FMP"")",Avon,Metro Southwest,2025-05-23,67
2025-05-19,Berkeley Retirement Home,Lawrence,Northeast,2025-08-31,43
2025-05-15,GMRI Inc. d/b/a Bahama Breeze,Tyngsborough,Northeast,2025-05-15,73
2025-05-12,"Feeney Brothers Excavation, LLC (Updated)",Boston,Boston,2025-05-02,15
2025-05-12,Rockland Trust Company,Lowell Three (3) locations,Northeast,7/1/2025 - 12/31/2025,125
2025-05-06,Lockheed Martin Missiles and Fire Control,Andover,Northeast,2025-07-05,64
2025-05-05,"Feeney Brothers Excavation, LLC (Updated)",Lawrence,Northeast,2025-05-02,4
2025-05-02,"Making Opportunities Count, Inc.",Ayer,Central,2025-06-30,11
2025-05-02,"Making Opportunities Count, Inc.",Auburn,Central,2025-06-30,8
2025-05-02,"Making Opportunities Count, Inc.",Milford,Central,2025-06-30,6
2025-05-02,"Making Opportunities Count, Inc.",Concord,Metro Southwest,2025-06-30,11
2025-04-30,"Feeney Brothers Excavation, LLC",Boston,Boston,4/25/2025 - 7/31/2025,20
2025-04-29,Symbotic LLC,Andover,Northeast,2025-06-27,400
2025-04-28,Bard College at Simon's Rock,Great Barrington,West,6/30/2025 - 12/31/2025,116
2025-04-23,SambaNova,Massachusetts,Remote,2025-04-22,2
2025-04-22,"Ono Pharma USA, Inc.(the""Company"" or ""OPUS"")",Cambridge,Boston,2025-06-30,83
2025-04-21,"WeDriveU DBA Kiessling Transit, Inc.",Framingham,Metro Southwest,2025-06-30,7
2025-04-17,"Brockton Neighborhood Health Center, Inc. (BNHC)",Brockton,Southeast,2025-04-16,65
2025-04-16,"Feeney Brothers Excavation, LLC",Lawrence,Northeast,4/25/2025 - 7/31/2025,30
2025-04-16,"Mural Oncology, Inc.",Waltham,Metro Southwest,6/14/2025 - 11/1/2025,117
2025-04-11,"Polyfoam, LLC (d.b.a., Altor Solutions)",Northbridge,Central,2025-06-09,83
2025-04-09,"WeDriveU DBA Kiessling Transit, Inc.",Framingham,Metro Southwest,2025-06-30,124
2025-04-04,"Making Opportunities Count, Inc.",Watertown,Metro Southwest,2025-06-30,8
2025-04-04,"Making Opportunities Count, Inc.",Gardner,Central,2025-06-30,10
2025-04-02,"American Institutes of Research (""AIR"")",Waltham,Metro Southwest,2025-06-01,9
2025-04-01,Federal Express Corporation’s ORHA location,West Boylston,Central,2025-06-02,78
2025-03-27,Ariston Group LLC,East Freetown,Southeast,6/1/2025 - 12/31/2025,73
2025-03-26,Charter Communications,Worcester,Central,2025-06-26,174
2025-03-25,Block Inc.,Remote/MA,Remote,2025-05-24,5
2025-03-20,Summit Delivery Solutions LLC,East Taunton,Southeast,2025-03-31,101
2025-03-11,"American Institute of Research (""AIR"")",Waltham,Metro Southwest,2025-05-09,12
2025-03-10,Brightcove Inc.,Boston,Boston,3/10/2025 - 7/31/2025,65
2025-03-10,"G2 Secure Staff, LLC (Supplemental)",Boston,Boston,2025-05-09,70
2025-03-07,"RWE Offshore Wind Services, LLC",Boston,Boston,2025-05-06,73
2025-03-03,Synventive Molding Solutions,Peabody,Northeast,4/25/2025 - 8/31/2025,40
2025-02-28,CVS Health,Wellesley,Metro Southwest,2025-05-03,"3 (residents), 180 (out of state remote reporting to Wellesley Office)"
2025-02-28,"Making Opportunities Count, Inc.",Westminster,Central,2025-04-30,10
2025-02-28,"Making Opportunities Count, Inc.",Acton,Central,2025-04-30,10
2025-02-25,"Kovalus Separation Solutions, LLC",Boston,Boston,4/30/2025 - 6/30/2025,100
2025-02-14,"G2 Secure Staff, LLC",Boston,Boston,2025-04-16,528
2025-02-12,"Kennametal, Inc.",Greenfield,West,2025-04-15,54
2025-01-31,Thermo Fisher Scientific - two (2) locations,Cambridge,Boston,2025-03-30,300 (total locations)
2025-01-31,Thermo Fisher Scientific - two (2) locations,Plainville,Metro Southwest,2025-03-30,
2025-01-30,"Connecticut Pie, LLC DBA Diana's Bakery (two) 2 locations",Agawam,West,2025-03-31,229
2025-01-29,Immunity Bio. Inc.,Burlington,Remote,2025-03-25,min. 1 - max. 10
2025-01-29,Pharma Cann,Holliston,Southeast,2025-03-31,19
2025-01-28,"The Newark Group, Inc.",Fitchburg,West,6/30/2025 - 7/15/2025,71
2025-01-28,DHL Supply Chain,Taunton,Southeast,2025-08-08,52
2025-01-14,"Edaron, LLC (""Holyoke facility"")",Holyoke,West,2025-06-30,53
2025-01-14,"Edaron, LLC (""South Hadley facility"")",South Hadley,West,3/31/12025,24
2025-01-07,Nordstrom North Shore,Peabody,Northeast,2025-03-08,134
2025-01-07,Nordstrom South Shore Plaza,Braintree,Southeast,2025-03-08,166
2024-12-19,"Boston Center for Recovery, LLC dba Psyclarity Health MA",Saugus,Northeast,2024-12-20,40
2024-12-19,"PPC Event Services, Inc. (dba PEAK Event Services) (""PEAK"")",Stoughton,Southeast,2025-02-28,89
2024-12-18,"Cytiva Global Life Sciences Solutions USA, LLC",Westborough,Central,3/7/2025; 3/14/2025; 3/31/2025; remaining - later date,85
2024-12-04,"Kohl's, Inc.",Stoughton,Southeast,2025-02-07,77
2024-11-26,Embecta Corportation,Andover,Northeast,2/3/2025 - 8/1/2025,
2024-11-07,Thermo Fisher Scientific,Lexington,Metro Southwest,1/6/2025 - 11/6/2026,160 (total locations)
2024-11-07,Thermo Fisher Scientific,Planville,Metro Southwest,1/6/2025 - 11/6/2026,
2024-11-07,Thermo Fisher Scientific,Cambridge,Boston,1/6/2025 - 11/6/2026,
2024-11-04,"Trilogy Management Services, LLC",Braintree,Southeast,2024-12-31,107 (total locations)
2024-11-04,"Trilogy Management Services, LLC",Quincy,Southeast,2024-12-31,
2024-11-04,"Trilogy Management Services, LLC",Duxbury,Southeast,2024-12-31,
2024-11-04,"Trilogy Management Services, LLC",Hingham,Southeast,2024-12-31,
2024-11-04,"Trilogy Management Services, LLC",Brighton,Boston,2024-12-31,
2024-11-04,"Trilogy Management Services, LLC",Dorchester,Boston,2024-12-31,
2024-10-31,"Sage Therapeutics, Inc.",Cambridge,Boston,2024-10-31,69
2024-10-30,"Plaskolite Massachusetts, LLC",Sheffield,West,Spring 2025 - Spring 2026,90
2024-10-22,"Ocular Therapeutix, Inc.",Bedford,Metro Southwest,2024-06-03,3
2024-10-21,"Springfield Anesthesia Service, Inc.",Springfield,West,2024-12-31,91
2024-10-17,Priority Parcels LLC,Revere,Boston,2024-10-31,62
2024-10-15,"Takeda Pharmaceuticals USA, Inc.",Cambridge,Boston,Late Sept 2024 - March 2025,45
2024-10-15,"Takeda Pharmaceuticals USA, Inc.",Lexington,Metro Southwest,Late Sept 2024 - March 2025,34
2024-10-15,"Sodexo/SDH Services East, LLC",Framingham,Metro Southwest,2024-12-31,139
2024-10-15,"Sodexo/SDH Services East, LLC",Cambridge,Boston,2023-12-31,68
2024-09-30,"Xylem Services USA, LLC",Tewksbury,Northeast,12/2/2024- 9/30/2025,84
2024-09-30,"kaleo, Inc.",Massachusetts,Remote,2024-11-30,1
2024-09-26,"ImmunityBio, Inc.",Woburn,Boston,2024-11-25,1
2024-09-10,"Stratasys, Inc.",Waltham,Metro Southwest,9/11/2024 - 9/17/2024,5
2024-09-09,Fresh American LLC (Annie Selke),"Pittsfield, Lenox",West,2024-12-31,47
2024-09-09,"Lost Boys Interactive, LLC","New Bedford, Sturbridge",Remote,2024-09-09,2
2024-08-29,"Briar Group (City Bar, City Table and Solas Irish Pub)",Boston,Boston,2024-10-31,136
2024-08-26,"Gannett Satellite Information Network, LLC",Cambridge,Boston,11/1/2024 - 11/14/2024,74
2024-08-22,"Tome Bioscience, Inc.",Watertown,Boston,11/1/2024 - 11/14/2024,131
2024-08-22,Eastman Chemical Company,Springfield,West,10/21-2024 - 12/31/2024,60
2024-08-15,Anheuser-Busch/AB ONE,Medford,Boston,11/1/2024 - 11/14/2024,193
2024-08-14,"Steward Medical Group, Inc./Carney Hospital",Dorchester,Boston,2024-10-13,37
2024-08-14,"Steward Medical Group, Inc./Nashoba Valley Medical Center",Ayer,Central,2024-10-13,14
2024-08-01,"Sumitomo Pharma America, Inc.",Marlborough,Remote,2024-09-30,53
2024-07-29,Steward Health Care System LLC/Carney Hospital,Dorchester,Boston,2024-08-31,753
2024-07-29,Steward Health Care System LLC/Nashoba Valley Medical Center,Ayer,Central,2024-08-31,490
2024-07-08,"Yankee Candle Company, Inc.",Deerfield,West,2024-09-09,100
2024-07-02,Eastern Nazarene College,Quincy,Southeast,8/29/2024 - Spring 2025,125
2024-07-01,"uniQure, Inc.",Lexington,Metro Southwest,2024-07-01,32
,"*Updated* Community Healthlink, Inc. (aka CHL)","Leominster, Webster & Worcester, MA",Central,2026-08-31,131
2026-06-24,"Peabody Opco, LLC (f/k/a Christianbook, LLC) and Peabody Fulfillment, LLC (f/k/a Christianbook Fulfillment, LLC) (aka Christianbook Entities)","Peabody, MA",Northeast,2026-08-31,125
2026-06-15,The Coca-Cola Company,Northampton,Western,8/15/26 & 11/30/26,175
2026-06-05,SMBC Manubank (dba JeniusBank),Statewide,Statewide,2026-08-03,2
2026-06-04,"*Updated* Community Healthlink, Inc. (aka CHL)","Leominster, Webster & Worcester, MA",Central,2026-07-31,127
2026-06-02,Jabil Inc. (aka Jabil - Clinton JHC),"Clinton, MA",Central,8/1/2026 - 12/1/2026,103
2026-06-01,Chase Corporation,"Oxford, MA",Central,8/1/2026 - 12/31/2026,72
2026-05-26,*Updated* South Shore Elder Services,"Braintree, MA",Southeast,6/1/2026 - 6/30/2026,131
2026-05-21,"MCAT, LLC (dba Harborview Treatment)","Cohasset, MA",Southeast,2026-05-20,66
2026-05-18,"*Updated* WestRock Services, LLC (aka WestRock and Smurfit Westrock)","Wakefield, MA",Boston,5/18/2026 - 5/31/2026,24
2026-05-13,"Aramark Campus, LLC (dba Aramark)","Lowell, MA",Northeast,2026-07-14,54
2026-05-07,"Dover Saddlery, Inc.","Littleton, MA",Central,7/7/2026 - 7/20/2026,112
2026-05-07,"*Updated* Community Healthlink, Inc. (aka CHL)","Leominster, Webster & Worcester, MA",Central,6/30/2026 - 7/6/2026,84
2026-05-05,"Peabody Opco, LLC (f/k/a Christianbook, LLC) and Peabody Fulfillment, LLC (f/k/a Christianbook Fulfillment, LLC) (aka Christianbook Entities)","Peabody, MA",Northeast,2026-07-06,50
2026-05-01,Managed Services-IDS (dba Cardinal Health),"Tewksbury, MA",Northeast,2026-06-30,58
2026-05-01,Community Counseling of Bristol County (aka CCBC),"Attleboro, Brockton, Fall River, New Bedford & Taunton, MA",Southeast,6/30/2026 - 7/13/2026,52
2026-05-01,"Compass Group USA, Inc.","Boston, MA",Boston,2026-07-01,83
2026-05-01,"Community Healthlink, Inc. (aka CHL)","Leominster, Webster & Worcester, MA",Central,2026-06-30,78
2026-04-29,"Innovative Care Partners, LLC (aka ICP)","Northampton, Pittsfield & West Springfield, MA",Western,2026-06-30,70
2026-04-23,Anna Maria College,"Paxton, MA",Central,6/22/26 to 6/30/26,150
2026-04-22,KAC Logistics,"East Taunton, MA",Southeast,2026-06-16,40
2026-04-21,Hampshire College,"Amherst, MA",Western,06/16/26 - 12/31/26,199
2026-04-17,"Replimune, Inc.","Framingham, MA",Metro Southwest,4/17/26-4/24/26,80
2026-04-17,"*Updated* Replimune, Inc.","Woburn, MA",Boston,4/17/26 - 4/24/26,81
2026-04-15,Aloha Logistics llc,"Taunton, MA",Southeast,2026-04-17,10
2026-04-13,"Replimune, Inc.","Woburn, MA",Boston,4/13/2026 - 4/24/2026,63
2026-04-03,South Shore Elder Services,"Braintree, MA",Southeast,6/1/2026 - 6/30/2026,52
2026-03-30,"Clover Fast Food, Inc. (Clover)","Cambridge, MA",Boston,2026-05-29,182
2026-03-29,Walmart,"Worcester, MA",Central,2026-05-29,90
2026-03-25,"Takeda Pharmaceuticals USA, Inc. (dba Takeda)","Cambridge, MA",Boston,7/1/2026 - 12/31/2027,247
2026-03-25,*Updated* Charles River Laboratories,"Wilmington, MA",Boston,4/24/2026 - 7/10/2026,71
2026-03-24,"*Updated* Revvity, Inc.","Boston, MA",Boston,6/1/2026 - 3/31/2027,29
2026-03-24,"Compass Group USA, Inc. (dba Chartwells)","Boston, MA",Boston,2026-05-27,76
2026-03-18,"WestRock Services, LLC (aka WestRock and Smurfit Westrock)","Wakefield, MA",Boston,2026-05-18,91
2026-03-12,*Updated* Boston Electrometallurgical Corporation (dba Boston Metal),"Woburn, MA",Boston,2026-04-21,71
2026-03-02,"Goulet Trucking, Inc.","South Deerfield, MA",Western,2026-04-18,144
2026-02-20,Boston Electrometallurgical Corporation (dba Boston Metal),"Woburn, MA",Boston,2026-03-14,71
2026-02-19,*Updated* Charles River Laboratories,"Wilmington, MA",Boston,4/24/2026 - 7/24/2026,71
2026-02-18,"Legends Global (dba Legends Attractions, LLC and Legends Music, LLC)","Boston, MA",Boston,2026-04-22,41
2026-02-11,"AE Regional Distribution Co., LLC (formerly known as Quiet Logistics, Inc.)","Devens, MA",Central,4/12/2026 - 5/6/2026,103
2026-02-10,Saks & Company LLC (dba Neiman Marcus),"Boston, MA",Boston,4/11/2026 - 4/30/2026,73
2026-02-09,Garlock Flexibles,"Gardner, MA",Central,4/30/2026 - 9/30/2026,91
2026-02-06,Smithfield Packaged Meats Corp.,"Springfield, MA",Western,4/10/2026 - 9/11/2026,190
2026-01-30,"Zipcar, Inc. (dba Zipcar)","Boston, MA",Boston,4/1/2026 - 4/14/2026,65
2026-01-26,"Panera, LLC (dba Panera)","Franklin, MA",Metro Southwest,3/25/2026 - 3/27/2026,92
2026-01-23,Thermo Fisher Scientific,"Franklin, MA",Metro Southwest,12/31/2026 - 12/31/2027,103
2026-01-16,"Medford CPL, Inc.","Medford, MA",Boston,2026-03-17,63
2026-01-15,"Takeda Pharmaceuticals America, Inc. (dba Takeda)","Cambridge, MA",Boston,2026-01-14,3
2026-01-15,CRRC MA,"Springfield, MA",Western,2026-03-16,161
2026-01-14,SMBC Manubank (dba JeniusBank),Statewide,Statewide,2026-03-10,161
2026-01-14,"Curia Global, Inc.","Burlington, MA",Boston,3/10/2026- 6/1/2026,81
2026-01-08,"Labcorp Early Development Laboratories, Inc., and Laboratory Corporation of America Holding (dba Labcorp)","Bedford, MA",Metro Southwest,3/9/2026 - 1/14/2027,94
2026-01-07,"Tessera Therapeutics, Inc.","Somerville, MA",Boston,2026-03-08,82
2025-12-19,"Smyth Companies, LLC","Wilmington, MA",Boston,3/1/2026 - 7/1/2026,69
2025-12-16,*Updated* Charles River Laboratories,"Wilmington, MA",Boston,1/6/2026 - 6/26/2026,71
2025-12-08,"ImmunityBio, Inc.","Woburn, MA",Boston,2026-01-30,1
2025-12-08,Eastern Bank,"Brockton, MA",Southeast,2/21/2026 - 5/31/2026,75
2025-12-08,"Rebel Restaurants, Inc. (dba Tony C's and Temazcal)","Boston, MA",Boston,2026-01-31,84
2025-12-02,"Dental Benefit Management, Inc. (dba BeneCare Dental Plans)","Worcester, MA",Central,1/31/2026 - 3/31/2026,50
2025-12-01,"*Updated* Revvity, Inc.","Lawrence, MA",Northeast,12/9/2025 - 12/31/2026,52
2025-11-25,"SynQor, Inc.","Boxborough, MA",Metro Southwest,2/1/2026 - 4/1/2026,250
2025-11-20,Nordstrom,Statewide,Statewide,3/1/2026 - 4/30/2026,2
2025-11-10,"Charles River Laboratories, Inc.","Wilmington, MA",Boston,1/6/2026 - 6/26/2026,68
2025-10-16,Empire Hospitality LLC (dba Westford Regency Inn & Conference Center),"Westford,MA",Northeast,2025-12-19,62
2025-10-14,The Fresh Market,"Framingham, MA",Metro Southwest,2025-12-14,50
2025-10-08,"Revvity, Inc.","Lawrence, MA",Northeast,1/1/2026 - 12/31/2026,51
2025-10-03,"*Updated* Revvity, Inc.","Boston, MA",Boston,11/1/2025 - 8/31/2028,76
2025-10-01,"Takeda Development Center Americas, Inc.","Cambridge, MA",Boston,1/1/2026 - 7/31/2026,137
2025-09-30,"*Updated* AlerisLife, Inc.","Newton, MA",Metro Southwest,11/3/2025 - 3/31/2026,179
2025-09-22,"TJX Companies, Inc.","Boston, MA",Boston,2026-01-05,117
2025-09-22,"Piedmont Airlines, Inc.","Boston, MA",Boston,2025-11-18,61
2025-09-10,"Revvity, Inc.","Boston, MA",Boston,11/1/2025 - 8/31/2028,74
2025-09-03,"AlerisLife, Inc.","Newton, MA",Metro Southwest,11/3/2025 - 12/31/2025,179
2025-09-02,"NGP Management, LLC","Haverhill, MA",Northeast,11/3/2025 - 11/27/2025,74
2025-08-20,"Airborn, a Molex Company","Taunton, MA",Southeast,12/31/2025 - 12/31/2026,86
2025-08-19,Tuscan Brands Kitchen,"Burlington, MA",Boston,2025-08-04,38
2025-08-18,"SDH Services East, LLC (dba-Sodexo)","Brockton, MA",Southeast,2025-09-30,64
2025-08-08,"*Updated* Kovalus Separation Solutions, LLC","Wilmington, MA",Boston,10/15/2025 - 12/1/2025,80
2025-08-04,"Cold Chain Technologies, LLC","Franklin, MA",Metro Southwest,10/1/2025 - 12/31/2025,82
2025-07-31,Ayr Wellness Massachusetts - M3,"Milford, MA",Central,2025-09-29,157
2025-07-17,"Sarepta Therapeutics, Inc.","Cambridge, Andover, Bedford","Boston, Northeast, Metro Southwest",2025-07-18,493
2025-07-16,GSK plc.,"Cambridge, MA",Boston,10/4/2025 - 3/31/2026,150
2025-07-14,"Hannaford Bros. Co., LLC","Marlborough, MA",Metro Southwest,2025-09-13,160
2025-07-08,"Azurity Pharmaceuticals, Inc.","Wilmington, MA",Boston,9/12/2025 - 12/31/2025,75
2025-07-02,S&C Corp,"Bridgewater, MA",Southeast,2025-06-15,63
8/24/2026,P1 Logistics LLC,"Littleton, MA",Central,10/24/2026 - 12/23/2026,77
8/17/2026,"Noble Equity Holdings LLC, Noble.com, LLC, Noble Supply & Logistics, LLC (f/k/a Noble Sales Co. Inc.), Tactical & Survival Specialties, LLC (f/k/a Tactical & Survival Specialties, Inc.), Federal Resource Supply Company, LLC (f/k/a Federal Resource Supply Company), and K.D. Analytical Consulting, LLC (aka Noble)","Boston, MA",Boston,10/9/2026 - 10/23/2026,59
8/13/2026,*Updated* Thermo Fisher Scientific,"Franklin, MA",Metro Southwest,10/16/2026 - 03/31/2027,15
8/13/2026,"Postal Center International, Inc. (aka PCI)","Franklin, MA",Metro Southwest,8/13/2026 - 09/30/2026,112
8/12/2026,"*Updated* EMD Serono Research Development Institute, Inc.","Billerica, MA",Northeast,10/16/2026 - 10/30/2026,20
8/11/2026,SMBC Manubank (aka JeniusBank),Statewide,Statewide,10/9/2026,3
8/10/2026,"*Updated* Community Healthlink, Inc. (aka CHL)","Worcester and Leominster, MA",Central,10/9/2026,639
8/7/2026,Blueprint Medicines Corporation (aka Sanofi Company Blueprint),"Cambridge, MA",Boston,10/9/2026 - 6/25/2027,229
8/7/2026,National Express Transit Corp. (dba Kiessling of Attleboro),"Taunton and Wareham, MA",Southeast,9/15/2026,162
8/6/2026,"Pure Safety Group, Inc (dba Guardian Fall)","Franklin, MA",Metro Southwest,10/2/2026,5
7/31/2026,"*Updated* Community Healthlink, Inc. (aka CHL)","Worcester and Leominster, MA",Central,9/16/2026,236
7/30/2026,"*Updated* Community Healthlink, Inc. (aka CHL)","Worcester and Leominster, MA",Central,9/16/2026,234
7/15/2026,"*Updated* Community Healthlink, Inc. (aka CHL)","Worcester and Leominster, MA",Central,9/16/2026,231
7/9/2026,"SDH Education East, LLC (aka Sodexo)","Waltham, MA",Metro Southwest,8/11/2026,173
7/6/2026,"Joymark, Inc. (dba G2O Spa + Salon)","Boston, MA",Boston,8/31/2026,55
7/6/2026,"EMD Serono Research Development Institute, Inc.","Billerica, MA",Northeast,9/4/2026,70
7/1/2026,"Labouré College of Healthcare, Inc.","Milton, MA",Southeast,8/30/2026 - 6/30/2027,65
